1749,1,1749,96.7,-1,-1,1
1749,2,1749.1,104.3,-1,-1,1
1749,3,1749.2,116.7,-1,-1,1
1749,4,1749.3,92.8,-1,-1,1
1749,5,1749.4,141.7,-1,-1,1
1749,6,1749.5,139.2,-1,-1,1
1749,7,1749.5,158,-1,-1,1
1749,8,1749.6,110.5,-1,-1,1
1749,9,1749.7,126.5,-1,-1,1
1749,10,1749.8,125.8,-1,-1,1
1749,11,1749.9,264.3,-1,-1,1
1749,12,1750,142,-1,-1,1
1750,1,1750,122.2,-1,-1,1
1750,2,1750.1,126.5,-1,-1,1
1750,3,1750.2,148.7,-1,-1,1
1750,4,1750.3,147.2,-1,-1,1
1750,5,1750.4,150,-1,-1,1
1750,6,1750.5,166.7,-1,-1,1
1750,7,1750.5,142.3,-1,-1,1
1750,8,1750.6,171.7,-1,-1,1
1750,9,1750.7,152,-1,-1,1
1750,10,1750.8,109.5,-1,-1,1
1750,11,1750.9,105.5,-1,-1,1
1750,12,1751,125.7,-1,-1,1
1751,1,1751,116.7,-1,-1,1
1751,2,1751.1,72.5,-1,-1,1
1751,3,1751.2,75.5,-1,-1,1
1751,4,1751.3,94,-1,-1,1
1751,5,1751.4,101.2,-1,-1,1
1751,6,1751.5,84.5,-1,-1,1
1751,7,1751.5,110.5,-1,-1,1
1751,8,1751.6,99.7,-1,-1,1
1751,9,1751.7,39.2,-1,-1,1
1751,10,1751.8,38.7,-1,-1,1
1751,11,1751.9,47.5,-1,-1,1
1751,12,1752,73.3,-1,-1,1
1752,1,1752,58.3,-1,-1,1
1752,2,1752.1,83.3,-1,-1,1
1752,3,1752.2,118.3,-1,-1,1
1752,4,1752.3,98.8,-1,-1,1
1752,5,1752.4,99.5,-1,-1,1
1752,6,1752.5,66,-1,-1,1
1752,7,1752.5,130.7,-1,-1,1
1752,8,1752.6,48.8,-1,-1,1
1752,9,1752.7,45.2,-1,-1,1
1752,10,1752.8,77.7,-1,-1,1
1752,11,1752.9,62.7,-1,-1,1
1752,12,1753,66.7,-1,-1,1
1753,1,1753,73.3,-1,-1,1
1753,2,1753.1,53.3,-1,-1,1
1753,3,1753.2,76.2,-1,-1,1
1753,4,1753.3,63.3,-1,-1,1
1753,5,1753.4,60,-1,-1,1
1753,6,1753.5,52.8,-1,-1,1
1753,7,1753.5,36.7,-1,-1,1
1753,8,1753.6,65,-1,-1,1
1753,9,1753.7,46.7,-1,-1,1
1753,10,1753.8,41.7,-1,-1,1
1753,11,1753.9,33.3,-1,-1,1
1753,12,1754,11.2,-1,-1,1
1754,1,1754,0,-1,-1,1
1754,2,1754.1,5,-1,-1,1
1754,3,1754.2,2.8,-1,-1,1
1754,4,1754.3,22.8,-1,-1,1
1754,5,1754.4,34.5,-1,-1,1
1754,6,1754.5,44.5,-1,-1,1
1754,7,1754.5,31.3,-1,-1,1
1754,8,1754.6,20.5,-1,-1,1
1754,9,1754.7,13.7,-1,-1,1
1754,10,1754.8,40.2,-1,-1,1
1754,11,1754.9,22,-1,-1,1
1754,12,1755,7,-1,-1,1
1755,1,1755,17,-1,-1,1
1755,2,1755.1,18.7,-1,-1,1
1755,3,1755.2,11.3,-1,-1,1
1755,4,1755.3,10.8,-1,-1,1
1755,5,1755.4,0,-1,-1,1
1755,6,1755.5,0,-1,-1,1
1755,7,1755.5,14.3,-1,-1,1
1755,8,1755.6,5.3,-1,-1,1
1755,9,1755.7,29.7,-1,-1,1
1755,10,1755.8,39.5,-1,-1,1
1755,11,1755.9,11.3,-1,-1,1
1755,12,1756,33.3,-1,-1,1
1756,1,1756,20.8,-1,-1,1
1756,2,1756.1,11.8,-1,-1,1
1756,3,1756.2,9,-1,-1,1
1756,4,1756.3,15.7,-1,-1,1
1756,5,1756.4,20.8,-1,-1,1
1756,6,1756.5,21.5,-1,-1,1
1756,7,1756.5,6,-1,-1,1
1756,8,1756.6,10.7,-1,-1,1
1756,9,1756.7,19.7,-1,-1,1
1756,10,1756.8,23.8,-1,-1,1
1756,11,1756.9,28.3,-1,-1,1
1756,12,1757,15.7,-1,-1,1
1757,1,1757,23.5,-1,-1,1
1757,2,1757.1,35.3,-1,-1,1
1757,3,1757.2,43.7,-1,-1,1
1757,4,1757.3,50,-1,-1,1
1757,5,1757.4,63.5,-1,-1,1
1757,6,1757.5,21.3,-1,-1,1
1757,7,1757.5,41.7,-1,-1,1
1757,8,1757.6,85.5,-1,-1,1
1757,9,1757.7,66.2,-1,-1,1
1757,10,1757.8,54.2,-1,-1,1
1757,11,1757.9,107.8,-1,-1,1
1757,12,1758,55.8,-1,-1,1
1758,1,1758,62.7,-1,-1,1
1758,2,1758.1,86.7,-1,-1,1
1758,3,1758.2,81.7,-1,-1,1
1758,4,1758.3,120.5,-1,-1,1
1758,5,1758.4,77.3,-1,-1,1
1758,6,1758.5,75,-1,-1,1
1758,7,1758.5,73.3,-1,-1,1
1758,8,1758.6,64.5,-1,-1,1
1758,9,1758.7,104.2,-1,-1,1
1758,10,1758.8,62.8,-1,-1,1
1758,11,1758.9,71.7,-1,-1,1
1758,12,1759,71.7,-1,-1,1
1759,1,1759,80.5,-1,-1,1
1759,2,1759.1,73.3,-1,-1,1
1759,3,1759.2,78,-1,-1,1
1759,4,1759.3,78.3,-1,-1,1
1759,5,1759.4,81.7,-1,-1,1
1759,6,1759.5,83.3,-1,-1,1
1759,7,1759.5,85,-1,-1,1
1759,8,1759.6,118.8,-1,-1,1
1759,9,1759.7,128.7,-1,-1,1
1759,10,1759.8,99.5,-1,-1,1
1759,11,1759.9,77.2,-1,-1,1
1759,12,1760,95,-1,-1,1
1760,1,1760,112.2,-1,-1,1
1760,2,1760.1,99.2,-1,-1,1
1760,3,1760.2,124.5,-1,-1,1
1760,4,1760.3,97.2,-1,-1,1
1760,5,1760.4,120,-1,-1,1
1760,6,1760.5,80.5,-1,-1,1
1760,7,1760.5,110,-1,-1,1
1760,8,1760.6,126,-1,-1,1
1760,9,1760.7,102.2,-1,-1,1
1760,10,1760.8,84.3,-1,-1,1
1760,11,1760.9,99.5,-1,-1,1
1760,12,1761,101.7,-1,-1,1
1761,1,1761,116.7,-1,-1,1
1761,2,1761.1,151.7,-1,-1,1
1761,3,1761.2,134.5,-1,-1,1
1761,4,1761.3,119.5,-1,-1,1
1761,5,1761.4,178.7,-1,-1,1
1761,6,1761.5,165.5,-1,-1,1
1761,7,1761.5,156.8,-1,-1,1
1761,8,1761.6,151.8,-1,-1,1
1761,9,1761.7,167.8,-1,-1,1
1761,10,1761.8,147.8,-1,-1,1
1761,11,1761.9,149.5,-1,-1,1
1761,12,1762,76.7,-1,-1,1
1762,1,1762,73,-1,-1,1
1762,2,1762.1,121.3,-1,-1,1
1762,3,1762.2,76.2,-1,-1,1
1762,4,1762.3,100.3,-1,-1,1
1762,5,1762.4,66.5,-1,-1,1
1762,6,1762.5,128.5,-1,-1,1
1762,7,1762.5,56.3,-1,-1,1
1762,8,1762.6,112.8,-1,-1,1
1762,9,1762.7,114.2,-1,-1,1
1762,10,1762.8,115.5,-1,-1,1
1762,11,1762.9,129.7,-1,-1,1
1762,12,1763,128.7,-1,-1,1
1763,1,1763,94.2,-1,-1,1
1763,2,1763.1,53.2,-1,-1,1
1763,3,1763.2,57,-1,-1,1
1763,4,1763.3,54.8,-1,-1,1
1763,5,1763.4,54.5,-1,-1,1
1763,6,1763.5,59.7,-1,-1,1
1763,7,1763.5,90.3,-1,-1,1
1763,8,1763.6,44.2,-1,-1,1
1763,9,1763.7,113.5,-1,-1,1
1763,10,1763.8,77.2,-1,-1,1
1763,11,1763.9,101.5,-1,-1,1
1763,12,1764,102.3,-1,-1,1
1764,1,1764,99.5,-1,-1,1
1764,2,1764.1,99.5,-1,-1,1
1764,3,1764.2,67,-1,-1,1
1764,4,1764.3,57.3,-1,-1,1
1764,5,1764.4,73.8,-1,-1,1
1764,6,1764.5,50,-1,-1,1
1764,7,1764.5,50,-1,-1,1
1764,8,1764.6,50,-1,-1,1
1764,9,1764.7,47,-1,-1,1
1764,10,1764.8,46.7,-1,-1,1
1764,11,1764.9,43.3,-1,-1,1
1764,12,1765,42.8,-1,-1,1
1765,1,1765,40,-1,-1,1
1765,2,1765.1,43.3,-1,-1,1
1765,3,1765.2,41.7,-1,-1,1
1765,4,1765.3,36.7,-1,-1,1
1765,5,1765.4,33.7,-1,-1,1
1765,6,1765.5,33.3,-1,-1,1
1765,7,1765.5,45,-1,-1,1
1765,8,1765.6,49.5,-1,-1,1
1765,9,1765.7,26.7,-1,-1,1
1765,10,1765.8,23.3,-1,-1,1
1765,11,1765.9,23.3,-1,-1,1
1765,12,1766,21.7,-1,-1,1
1766,1,1766,20,-1,-1,1
1766,2,1766.1,18.3,-1,-1,1
1766,3,1766.2,61,-1,-1,1
1766,4,1766.3,10,-1,-1,1
1766,5,1766.4,44.7,-1,-1,1
1766,6,1766.5,5,-1,-1,1
1766,7,1766.5,5.5,-1,-1,1
1766,8,1766.6,6.7,-1,-1,1
1766,9,1766.7,7.2,-1,-1,1
1766,10,1766.8,8.3,-1,-1,1
1766,11,1766.9,9.5,-1,-1,1
1766,12,1767,32,-1,-1,1
1767,1,1767,45.7,-1,-1,1
1767,2,1767.1,50,-1,-1,1
1767,3,1767.2,71.7,-1,-1,1
1767,4,1767.3,54.8,-1,-1,1
1767,5,1767.4,49.7,-1,-1,1
1767,6,1767.5,55.5,-1,-1,1
1767,7,1767.5,36.5,-1,-1,1
1767,8,1767.6,68,-1,-1,1
1767,9,1767.7,71.2,-1,-1,1
1767,10,1767.8,73.5,-1,-1,1
1767,11,1767.9,91.2,-1,-1,1
1767,12,1768,88.8,-1,-1,1
1768,1,1768,89.2,-1,-1,1
1768,2,1768.1,110.2,-1,-1,1
1768,3,1768.2,77.2,-1,-1,1
1768,4,1768.3,71.2,-1,-1,1
1768,5,1768.4,129.5,-1,-1,1
1768,6,1768.5,129,-1,-1,1
1768,7,1768.5,87.7,-1,-1,1
1768,8,1768.6,111.3,-1,-1,1
1768,9,1768.7,124.7,-1,-1,1
1768,10,1768.8,129.7,-1,-1,1
1768,11,1768.9,151,-1,-1,1
1768,12,1769,186.3,-1,-1,1
1769,1,1769,123.2,-1,-1,1
1769,2,1769.1,107,-1,-1,1
1769,3,1769.2,107.2,-1,-1,1
1769,4,1769.3,161.2,-1,-1,1
1769,5,1769.4,122.7,-1,-1,1
1769,6,1769.5,157.3,-1,-1,1
1769,7,1769.5,197.7,-1,-1,1
1769,8,1769.6,200.5,-1,-1,1
1769,9,1769.7,248,-1,-1,1
1769,10,1769.8,263.7,-1,-1,1
1769,11,1769.9,246.8,-1,-1,1
1769,12,1770,186.7,-1,-1,1
1770,1,1770,173.3,-1,-1,1
1770,2,1770.1,237.5,-1,-1,1
1770,3,1770.2,133.5,-1,-1,1
1770,4,1770.3,85,-1,-1,1
1770,5,1770.4,116.8,-1,-1,1
1770,6,1770.5,138.8,-1,-1,1
1770,7,1770.5,183,-1,-1,1
1770,8,1770.6,210.5,-1,-1,1
1770,9,1770.7,174,-1,-1,1
1770,10,1770.8,172.7,-1,-1,1
1770,11,1770.9,220.3,-1,-1,1
1770,12,1771,170.5,-1,-1,1
1771,1,1771,60,-1,-1,1
1771,2,1771.1,77,-1,-1,1
1771,3,1771.2,77.8,-1,-1,1
1771,4,1771.3,108.2,-1,-1,1
1771,5,1771.4,254.5,-1,-1,1
1771,6,1771.5,199.2,-1,-1,1
1771,7,1771.5,112.8,-1,-1,1
1771,8,1771.6,97.5,-1,-1,1
1771,9,1771.7,169,-1,-1,1
1771,10,1771.8,150,-1,-1,1
1771,11,1771.9,166.2,-1,-1,1
1771,12,1772,159.5,-1,-1,1
1772,1,1772,168.2,-1,-1,1
1772,2,1772.1,151.3,-1,-1,1
1772,3,1772.2,51.8,-1,-1,1
1772,4,1772.3,153.7,-1,-1,1
1772,5,1772.4,63.3,-1,-1,1
1772,6,1772.5,95,-1,-1,1
1772,7,1772.5,128.8,-1,-1,1
1772,8,1772.6,93.7,-1,-1,1
1772,9,1772.7,84.2,-1,-1,1
1772,10,1772.8,131,-1,-1,1
1772,11,1772.9,102.2,-1,-1,1
1772,12,1773,106.7,-1,-1,1
1773,1,1773,91,-1,-1,1
1773,2,1773.1,48.3,-1,-1,1
1773,3,1773.2,85.3,-1,-1,1
1773,4,1773.3,54.8,-1,-1,1
1773,5,1773.4,68.5,-1,-1,1
1773,6,1773.5,47.3,-1,-1,1
1773,7,1773.5,46.2,-1,-1,1
1773,8,1773.6,21.2,-1,-1,1
1773,9,1773.7,48.8,-1,-1,1
1773,10,1773.8,43.8,-1,-1,1
1773,11,1773.9,68.2,-1,-1,1
1773,12,1774,72,-1,-1,1
1774,1,1774,78,-1,-1,1
1774,2,1774.1,109,-1,-1,1
1774,3,1774.2,92.8,-1,-1,1
1774,4,1774.3,73,-1,-1,1
1774,5,1774.4,85.5,-1,-1,1
1774,6,1774.5,47.5,-1,-1,1
1774,7,1774.5,29.2,-1,-1,1
1774,8,1774.6,11,-1,-1,1
1774,9,1774.7,13.2,-1,-1,1
1774,10,1774.8,23.3,-1,-1,1
1774,11,1774.9,29.5,-1,-1,1
1774,12,1775,20.3,-1,-1,1
1775,1,1775,7.3,-1,-1,1
1775,2,1775.1,0,-1,-1,1
1775,3,1775.2,19.3,-1,-1,1
1775,4,1775.3,18.7,-1,-1,1
1775,5,1775.4,6.5,-1,-1,1
1775,6,1775.5,20.5,-1,-1,1
1775,7,1775.5,1.7,-1,-1,1
1775,8,1775.6,13.2,-1,-1,1
1775,9,1775.7,5.3,-1,-1,1
1775,10,1775.8,9.3,-1,-1,1
1775,11,1775.9,25.2,-1,-1,1
1775,12,1776,13.2,-1,-1,1
1776,1,1776,36.2,-1,-1,1
1776,2,1776.1,19.3,-1,-1,1
1776,3,1776.2,10.5,-1,-1,1
1776,4,1776.3,36.3,-1,-1,1
1776,5,1776.4,18.7,-1,-1,1
1776,6,1776.5,31.7,-1,-1,1
1776,7,1776.5,1.7,-1,-1,1
1776,8,1776.6,40.3,-1,-1,1
1776,9,1776.7,26.7,-1,-1,1
1776,10,1776.8,50,-1,-1,1
1776,11,1776.9,58.3,-1,-1,1
1776,12,1777,66.7,-1,-1,1
1777,1,1777,75,-1,-1,1
1777,2,1777.1,60.8,-1,-1,1
1777,3,1777.2,65,-1,-1,1
1777,4,1777.3,159.2,-1,-1,1
1777,5,1777.4,133.8,-1,-1,1
1777,6,1777.5,134.5,-1,-1,1
1777,7,1777.5,158.3,-1,-1,1
1777,8,1777.6,186.7,-1,-1,1
1777,9,1777.7,193.7,-1,-1,1
1777,10,1777.8,177.5,-1,-1,1
1777,11,1777.9,243.3,-1,-1,1
1777,12,1778,262.2,-1,-1,1
1778,1,1778,295.5,-1,-1,1
1778,2,1778.1,182.2,-1,-1,1
1778,3,1778.2,223.3,-1,-1,1
1778,4,1778.3,241.7,-1,-1,1
1778,5,1778.4,398.2,-1,-1,1
1778,6,1778.5,286,-1,-1,1
1778,7,1778.5,255,-1,-1,1
1778,8,1778.6,233.3,-1,-1,1
1778,9,1778.7,286.2,-1,-1,1
1778,10,1778.8,260.5,-1,-1,1
1778,11,1778.9,250.5,-1,-1,1
1778,12,1779,175,-1,-1,1
1779,1,1779,191.2,-1,-1,1
1779,2,1779.1,276.2,-1,-1,1
1779,3,1779.2,196.7,-1,-1,1
1779,4,1779.3,241.7,-1,-1,1
1779,5,1779.4,233.3,-1,-1,1
1779,6,1779.5,189.5,-1,-1,1
1779,7,1779.5,238.3,-1,-1,1
1779,8,1779.6,186.7,-1,-1,1
1779,9,1779.7,185,-1,-1,1
1779,10,1779.8,206.7,-1,-1,1
1779,11,1779.9,190,-1,-1,1
1779,12,1780,183.3,-1,-1,1
1780,1,1780,116.7,-1,-1,1
1780,2,1780.1,163.3,-1,-1,1
1780,3,1780.2,163.3,-1,-1,1
1780,4,1780.3,158.3,-1,-1,1
1780,5,1780.4,178.7,-1,-1,1
1780,6,1780.5,146.7,-1,-1,1
1780,7,1780.5,143.3,-1,-1,1
1780,8,1780.6,143.3,-1,-1,1
1780,9,1780.7,156.2,-1,-1,1
1780,10,1780.8,128.3,-1,-1,1
1780,11,1780.9,100,-1,-1,1
1780,12,1781,97.8,-1,-1,1
1781,1,1781,164.5,-1,-1,1
1781,2,1781.1,124.5,-1,-1,1
1781,3,1781.2,88.3,-1,-1,1
1781,4,1781.3,113.8,-1,-1,1
1781,5,1781.4,174.5,-1,-1,1
1781,6,1781.5,162.8,-1,-1,1
1781,7,1781.5,122.5,-1,-1,1
1781,8,1781.6,110,-1,-1,1
1781,9,1781.7,85,-1,-1,1
1781,10,1781.8,45.5,-1,-1,1
1781,11,1781.9,111.7,-1,-1,1
1781,12,1782,58.7,-1,-1,1
1782,1,1782,90,-1,-1,1
1782,2,1782.1,62.5,-1,-1,1
1782,3,1782.2,61.7,-1,-1,1
1782,4,1782.3,68.3,-1,-1,1
1782,5,1782.4,90.5,-1,-1,1
1782,6,1782.5,63.3,-1,-1,1
1782,7,1782.5,61.7,-1,-1,1
1782,8,1782.6,73.3,-1,-1,1
1782,9,1782.7,56.7,-1,-1,1
1782,10,1782.8,38.7,-1,-1,1
1782,11,1782.9,52.5,-1,-1,1
1782,12,1783,50,-1,-1,1
1783,1,1783,46.7,-1,-1,1
1783,2,1783.1,64.5,-1,-1,1
1783,3,1783.2,44.5,-1,-1,1
1783,4,1783.3,47.2,-1,-1,1
1783,5,1783.4,38.3,-1,-1,1
1783,6,1783.5,42,-1,-1,1
1783,7,1783.5,53.7,-1,-1,1
1783,8,1783.6,33.3,-1,-1,1
1783,9,1783.7,30,-1,-1,1
1783,10,1783.8,13.3,-1,-1,1
1783,11,1783.9,25,-1,-1,1
1783,12,1784,17.5,-1,-1,1
1784,1,1784,21.7,-1,-1,1
1784,2,1784.1,13.3,-1,-1,1
1784,3,1784.2,18.3,-1,-1,1
1784,4,1784.3,16.7,-1,-1,1
1784,5,1784.4,10,-1,-1,1
1784,6,1784.5,15,-1,-1,1
1784,7,1784.5,10,-1,-1,1
1784,8,1784.6,16.7,-1,-1,1
1784,9,1784.7,16.7,-1,-1,1
1784,10,1784.8,13.3,-1,-1,1
1784,11,1784.9,28.3,-1,-1,1
1784,12,1785,23.3,-1,-1,1
1785,1,1785,10.8,-1,-1,1
1785,2,1785.1,13.3,-1,-1,1
1785,3,1785.2,15,-1,-1,1
1785,4,1785.3,26.2,-1,-1,1
1785,5,1785.4,34.5,-1,-1,1
1785,6,1785.5,43.8,-1,-1,1
1785,7,1785.5,60.5,-1,-1,1
1785,8,1785.6,33.3,-1,-1,1
1785,9,1785.7,53.3,-1,-1,1
1785,10,1785.8,78.7,-1,-1,1
1785,11,1785.9,67,-1,-1,1
1785,12,1786,45.5,-1,-1,1
1786,1,1786,62,-1,-1,1
1786,2,1786.1,79.3,-1,-1,1
1786,3,1786.2,79.5,-1,-1,1
1786,4,1786.3,142.3,-1,-1,1
1786,5,1786.4,153.8,-1,-1,1
1786,6,1786.5,98.3,-1,-1,1
1786,7,1786.5,138.3,-1,-1,1
1786,8,1786.6,149.5,-1,-1,1
1786,9,1786.7,185.8,-1,-1,1
1786,10,1786.8,187.2,-1,-1,1
1786,11,1786.9,193.3,-1,-1,1
1786,12,1787,187.8,-1,-1,1
1787,1,1787,224.5,-1,-1,1
1787,2,1787.1,176.7,-1,-1,1
1787,3,1787.2,145.7,-1,-1,1
1787,4,1787.3,212,-1,-1,1
1787,5,1787.4,224.7,-1,-1,1
1787,6,1787.5,165.3,-1,-1,1
1787,7,1787.5,213.3,-1,-1,1
1787,8,1787.6,228.7,-1,-1,1
1787,9,1787.7,262.2,-1,-1,1
1787,10,1787.8,261.7,-1,-1,1
1787,11,1787.9,235.8,-1,-1,1
1787,12,1788,290,-1,-1,1
1788,1,1788,230,-1,-1,1
1788,2,1788.1,215.3,-1,-1,1
1788,3,1788.2,238.8,-1,-1,1
1788,4,1788.3,180.8,-1,-1,1
1788,5,1788.4,188.3,-1,-1,1
1788,6,1788.5,257,-1,-1,1
1788,7,1788.5,235.8,-1,-1,1
1788,8,1788.6,226.7,-1,-1,1
1788,9,1788.7,235,-1,-1,1
1788,10,1788.8,236.7,-1,-1,1
1788,11,1788.9,157.8,-1,-1,1
1788,12,1789,215.8,-1,-1,1
1789,1,1789,190,-1,-1,1
1789,2,1789.1,208.8,-1,-1,1
1789,3,1789.2,200,-1,-1,1
1789,4,1789.3,205.5,-1,-1,1
1789,5,1789.4,205.8,-1,-1,1
1789,6,1789.5,200,-1,-1,1
1789,7,1789.5,195,-1,-1,1
1789,8,1789.6,171.7,-1,-1,1
1789,9,1789.7,186.7,-1,-1,1
1789,10,1789.8,149.5,-1,-1,1
1789,11,1789.9,223.3,-1,-1,1
1789,12,1790,225.8,-1,-1,1
1790,1,1790,171.7,-1,-1,1
1790,2,1790.1,212.5,-1,-1,1
1790,3,1790.2,160.5,-1,-1,1
1790,4,1790.3,156.7,-1,-1,1
1790,5,1790.4,155,-1,-1,1
1790,6,1790.5,151.7,-1,-1,1
1790,7,1790.5,115.5,-1,-1,1
1790,8,1790.6,145,-1,-1,1
1790,9,1790.7,128.8,-1,-1,1
1790,10,1790.8,140.5,-1,-1,1
1790,11,1790.9,136.7,-1,-1,1
1790,12,1791,123.3,-1,-1,1
1791,1,1791,121.2,-1,-1,1
1791,2,1791.1,103.3,-1,-1,1
1791,3,1791.2,123.3,-1,-1,1
1791,4,1791.3,128.7,-1,-1,1
1791,5,1791.4,122.8,-1,-1,1
1791,6,1791.5,107,-1,-1,1
1791,7,1791.5,118.3,-1,-1,1
1791,8,1791.6,71.7,-1,-1,1
1791,9,1791.7,110.8,-1,-1,1
1791,10,1791.8,102.8,-1,-1,1
1791,11,1791.9,111.7,-1,-1,1
1791,12,1792,110,-1,-1,1
1792,1,1792,96.7,-1,-1,1
1792,2,1792.1,106.7,-1,-1,1
1792,3,1792.2,105,-1,-1,1
1792,4,1792.3,126.2,-1,-1,1
1792,5,1792.4,103.3,-1,-1,1
1792,6,1792.5,101.7,-1,-1,1
1792,7,1792.5,76.3,-1,-1,1
1792,8,1792.6,100,-1,-1,1
1792,9,1792.7,98.3,-1,-1,1
1792,10,1792.8,98.3,-1,-1,1
1792,11,1792.9,95,-1,-1,1
1792,12,1793,93.3,-1,-1,1
1793,1,1793,93.3,-1,-1,1
1793,2,1793.1,91.7,-1,-1,1
1793,3,1793.2,92.5,-1,-1,1
1793,4,1793.3,88.3,-1,-1,1
1793,5,1793.4,87.2,-1,-1,1
1793,6,1793.5,85,-1,-1,1
1793,7,1793.5,83.3,-1,-1,1
1793,8,1793.6,48.8,-1,-1,1
1793,9,1793.7,40,-1,-1,1
1793,10,1793.8,78.3,-1,-1,1
1793,11,1793.9,73.3,-1,-1,1
1793,12,1794,76.2,-1,-1,1
1794,1,1794,75,-1,-1,1
1794,2,1794.1,73.3,-1,-1,1
1794,3,1794.2,63.3,-1,-1,1
1794,4,1794.3,47.3,-1,-1,1
1794,5,1794.4,92.8,-1,-1,1
1794,6,1794.5,69.2,-1,-1,1
1794,7,1794.5,68.3,-1,-1,1
1794,8,1794.6,66.7,-1,-1,1
1794,9,1794.7,18.5,-1,-1,1
1794,10,1794.8,47.5,-1,-1,1
1794,11,1794.9,112.3,-1,-1,1
1794,12,1795,85.7,-1,-1,1
1795,1,1795,35.7,-1,-1,1
1795,2,1795.1,66.5,-1,-1,1
1795,3,1795.2,21,-1,-1,1
1795,4,1795.3,31,-1,-1,1
1795,5,1795.4,51.7,-1,-1,1
1795,6,1795.5,28.5,-1,-1,1
1795,7,1795.5,21.5,-1,-1,1
1795,8,1795.6,42.8,-1,-1,1
1795,9,1795.7,22.5,-1,-1,1
1795,10,1795.8,32.5,-1,-1,1
1795,11,1795.9,41.7,-1,-1,1
1795,12,1796,30,-1,-1,1
1796,1,1796,36.7,-1,-1,1
1796,2,1796.1,39.7,-1,-1,1
1796,3,1796.2,26.2,-1,-1,1
1796,4,1796.3,52.8,-1,-1,1
1796,5,1796.4,35,-1,-1,1
1796,6,1796.5,11.2,-1,-1,1
1796,7,1796.5,44.8,-1,-1,1
1796,8,1796.6,2.5,-1,-1,1
1796,9,1796.7,30.7,-1,-1,1
1796,10,1796.8,18.3,-1,-1,1
1796,11,1796.9,14,-1,-1,1
1796,12,1797,8.5,-1,-1,1
1797,1,1797,24,-1,-1,1
1797,2,1797.1,7,-1,-1,1
1797,3,1797.2,6.7,-1,-1,1
1797,4,1797.3,6.7,-1,-1,1
1797,5,1797.4,12.2,-1,-1,1
1797,6,1797.5,18.5,-1,-1,1
1797,7,1797.5,7.2,-1,-1,1
1797,8,1797.6,10,-1,-1,1
1797,9,1797.7,9.5,-1,-1,1
1797,10,1797.8,11.5,-1,-1,1
1797,11,1797.9,9.7,-1,-1,1
1797,12,1798,5,-1,-1,1
1798,1,1798,3.3,-1,-1,1
1798,2,1798.1,6.7,-1,-1,1
1798,3,1798.2,20.7,-1,-1,1
1798,4,1798.3,1.8,-1,-1,1
1798,5,1798.4,0,-1,-1,1
1798,6,1798.5,0,-1,-1,1
1798,7,1798.5,0,-1,-1,1
1798,8,1798.6,5,-1,-1,1
1798,9,1798.7,4,-1,-1,1
1798,10,1798.8,2.5,-1,-1,1
1798,11,1798.9,20.8,-1,-1,1
1798,12,1799,16.5,-1,-1,1
1799,1,1799,2.7,-1,-1,1
1799,2,1799.1,21,-1,-1,1
1799,3,1799.2,36.2,-1,-1,1
1799,4,1799.3,14,-1,-1,1
1799,5,1799.4,13.7,-1,-1,1
1799,6,1799.5,17.7,-1,-1,1
1799,7,1799.5,3.5,-1,-1,1
1799,8,1799.6,0,-1,-1,1
1799,9,1799.7,0,-1,-1,1
1799,10,1799.8,7.7,-1,-1,1
1799,11,1799.9,4.5,-1,-1,1
1799,12,1800,14.3,-1,-1,1
1800,1,1800,11.5,-1,-1,1
1800,2,1800.1,15.5,-1,-1,1
1800,3,1800.2,23.2,-1,-1,1
1800,4,1800.3,0,-1,-1,1
1800,5,1800.4,8.3,-1,-1,1
1800,6,1800.5,39.5,-1,-1,1
1800,7,1800.5,35,-1,-1,1
1800,8,1800.6,32.5,-1,-1,1
1800,9,1800.7,19.2,-1,-1,1
1800,10,1800.8,20.5,-1,-1,1
1800,11,1800.9,17.5,-1,-1,1
1800,12,1801,66.8,-1,-1,1
1801,1,1801,45,-1,-1,1
1801,2,1801.1,48.3,-1,-1,1
1801,3,1801.2,50,-1,-1,1
1801,4,1801.3,51.7,-1,-1,1
1801,5,1801.4,53.3,-1,-1,1
1801,6,1801.5,52,-1,-1,1
1801,7,1801.5,58.3,-1,-1,1
1801,8,1801.6,64.5,-1,-1,1
1801,9,1801.7,55.8,-1,-1,1
1801,10,1801.8,54.3,-1,-1,1
1801,11,1801.9,66.3,-1,-1,1
1801,12,1802,80.3,-1,-1,1
1802,1,1802,79.7,-1,-1,1
1802,2,1802.1,78.3,-1,-1,1
1802,3,1802.2,68,-1,-1,1
1802,4,1802.3,70,-1,-1,1
1802,5,1802.4,73.3,-1,-1,1
1802,6,1802.5,76.7,-1,-1,1
1802,7,1802.5,80,-1,-1,1
1802,8,1802.6,83.3,-1,-1,1
1802,9,1802.7,86.3,-1,-1,1
1802,10,1802.8,64.2,-1,-1,1
1802,11,1802.9,57.5,-1,-1,1
1802,12,1803,83.3,-1,-1,1
1803,1,1803,83.3,-1,-1,1
1803,2,1803.1,84.7,-1,-1,1
1803,3,1803.2,49.2,-1,-1,1
1803,4,1803.3,41.7,-1,-1,1
1803,5,1803.4,73.8,-1,-1,1
1803,6,1803.5,60,-1,-1,1
1803,7,1803.5,80.5,-1,-1,1
1803,8,1803.6,56.8,-1,-1,1
1803,9,1803.7,75.5,-1,-1,1
1803,10,1803.8,90.5,-1,-1,1
1803,11,1803.9,85,-1,-1,1
1803,12,1804,80,-1,-1,1
1804,1,1804,75.5,-1,-1,1
1804,2,1804.1,80.5,-1,-1,1
1804,3,1804.2,80,-1,-1,1
1804,4,1804.3,84.3,-1,-1,1
1804,5,1804.4,55.7,-1,-1,1
1804,6,1804.5,58,-1,-1,1
1804,7,1804.5,49.7,-1,-1,1
1804,8,1804.6,71.8,-1,-1,1
1804,9,1804.7,88.3,-1,-1,1
1804,10,1804.8,103.8,-1,-1,1
1804,11,1804.9,101.7,-1,-1,1
1804,12,1805,100,-1,-1,1
1805,1,1805,101.7,-1,-1,1
1805,2,1805.1,73.5,-1,-1,1
1805,3,1805.2,85.7,-1,-1,1
1805,4,1805.3,62.5,-1,-1,1
1805,5,1805.4,65,-1,-1,1
1805,6,1805.5,67.5,-1,-1,1
1805,7,1805.5,62.7,-1,-1,1
1805,8,1805.6,71.2,-1,-1,1
1805,9,1805.7,74,-1,-1,1
1805,10,1805.8,49,-1,-1,1
1805,11,1805.9,68.3,-1,-1,1
1805,12,1806,63.8,-1,-1,1
1806,1,1806,65,-1,-1,1
1806,2,1806.1,49.3,-1,-1,1
1806,3,1806.2,54.5,-1,-1,1
1806,4,1806.3,46.2,-1,-1,1
1806,5,1806.4,44,-1,-1,1
1806,6,1806.5,42.7,-1,-1,1
1806,7,1806.5,50,-1,-1,1
1806,8,1806.6,43.8,-1,-1,1
1806,9,1806.7,40,-1,-1,1
1806,10,1806.8,45,-1,-1,1
1806,11,1806.9,41.7,-1,-1,1
1806,12,1807,40,-1,-1,1
1807,1,1807,20,-1,-1,1
1807,2,1807.1,20.3,-1,-1,1
1807,3,1807.2,16,-1,-1,1
1807,4,1807.3,39.7,-1,-1,1
1807,5,1807.4,16.7,-1,-1,1
1807,6,1807.5,20,-1,-1,1
1807,7,1807.5,21.2,-1,-1,1
1807,8,1807.6,20,-1,-1,1
1807,9,1807.7,9.5,-1,-1,1
1807,10,1807.8,13.3,-1,-1,1
1807,11,1807.9,4.3,-1,-1,1
1807,12,1808,0,-1,-1,1
1808,1,1808,0,-1,-1,1
1808,2,1808.1,7.5,-1,-1,1
1808,3,1808.2,0,-1,-1,1
1808,4,1808.3,20.5,-1,-1,1
1808,5,1808.4,22.5,-1,-1,1
1808,6,1808.5,22.5,-1,-1,1
1808,7,1808.5,11.2,-1,-1,1
1808,8,1808.6,13.3,-1,-1,1
1808,9,1808.7,19.5,-1,-1,1
1808,10,1808.8,7.8,-1,-1,1
1808,11,1808.9,17.5,-1,-1,1
1808,12,1809,20.5,-1,-1,1
1809,1,1809,12,-1,-1,1
1809,2,1809.1,15.3,-1,-1,1
1809,3,1809.2,1.5,-1,-1,1
1809,4,1809.3,4.2,-1,-1,1
1809,5,1809.4,3.3,-1,-1,1
1809,6,1809.5,12.8,-1,-1,1
1809,7,1809.5,0.5,-1,-1,1
1809,8,1809.6,0.3,-1,-1,1
1809,9,1809.7,0.7,-1,-1,1
1809,10,1809.8,0,-1,-1,1
1809,11,1809.9,0,-1,-1,1
1809,12,1810,0,-1,-1,1
1810,1,1810,0,-1,-1,1
1810,2,1810.1,0,-1,-1,1
1810,3,1810.2,0,-1,-1,1
1810,4,1810.3,0,-1,-1,1
1810,5,1810.4,0,-1,-1,1
1810,6,1810.5,0,-1,-1,1
1810,7,1810.5,0,-1,-1,1
1810,8,1810.6,0,-1,-1,1
1810,9,1810.7,0,-1,-1,1
1810,10,1810.8,0,-1,-1,1
1810,11,1810.9,0,-1,-1,1
1810,12,1811,0,-1,-1,1
1811,1,1811,0,-1,-1,1
1811,2,1811.1,0,-1,-1,1
1811,3,1811.2,0,-1,-1,1
1811,4,1811.3,0,-1,-1,1
1811,5,1811.4,0,-1,-1,1
1811,6,1811.5,0,-1,-1,1
1811,7,1811.5,11,-1,-1,1
1811,8,1811.6,0,-1,-1,1
1811,9,1811.7,4,-1,-1,1
1811,10,1811.8,10.2,-1,-1,1
1811,11,1811.9,1.3,-1,-1,1
1811,12,1812,1.8,-1,-1,1
1812,1,1812,18.8,-1,-1,1
1812,2,1812.1,3.2,-1,-1,1
1812,3,1812.2,1.2,-1,-1,1
1812,4,1812.3,0,-1,-1,1
1812,5,1812.4,1.7,-1,-1,1
1812,6,1812.5,2.2,-1,-1,1
1812,7,1812.5,0.8,-1,-1,1
1812,8,1812.6,26,-1,-1,1
1812,9,1812.7,8.7,-1,-1,1
1812,10,1812.8,6.5,-1,-1,1
1812,11,1812.9,13.2,-1,-1,1
1812,12,1813,16.8,-1,-1,1
1813,1,1813,0,-1,-1,1
1813,2,1813.1,17.2,-1,-1,1
1813,3,1813.2,3.2,-1,-1,1
1813,4,1813.3,27.7,-1,-1,1
1813,5,1813.4,9.2,-1,-1,1
1813,6,1813.5,18.7,-1,-1,1
1813,7,1813.5,30.5,-1,-1,1
1813,8,1813.6,14,-1,-1,1
1813,9,1813.7,25.5,-1,-1,1
1813,10,1813.8,46.3,-1,-1,1
1813,11,1813.9,27.8,-1,-1,1
1813,12,1814,23.8,-1,-1,1
1814,1,1814,37,-1,-1,1
1814,2,1814.1,20,-1,-1,1
1814,3,1814.2,9.5,-1,-1,1
1814,4,1814.3,39.7,-1,-1,1
1814,5,1814.4,9.7,-1,-1,1
1814,6,1814.5,24.8,-1,-1,1
1814,7,1814.5,30.8,-1,-1,1
1814,8,1814.6,3.8,-1,-1,1
1814,9,1814.7,13.5,-1,-1,1
1814,10,1814.8,32.2,-1,-1,1
1814,11,1814.9,24.2,-1,-1,1
1814,12,1815,33.5,-1,-1,1
1815,1,1815,32,-1,-1,1
1815,2,1815.1,53.7,-1,-1,1
1815,3,1815.2,43.7,-1,-1,1
1815,4,1815.3,52.7,-1,-1,1
1815,5,1815.4,16.3,-1,-1,1
1815,6,1815.5,93.2,-1,-1,1
1815,7,1815.5,59.2,-1,-1,1
1815,8,1815.6,78.7,-1,-1,1
1815,9,1815.7,52.5,-1,-1,1
1815,10,1815.8,55.8,-1,-1,1
1815,11,1815.9,62,-1,-1,1
1815,12,1816,108.3,-1,-1,1
1816,1,1816,43.8,-1,-1,1
1816,2,1816.1,114.7,-1,-1,1
1816,3,1816.2,122.8,-1,-1,1
1816,4,1816.3,98,-1,-1,1
1816,5,1816.4,73.8,-1,-1,1
1816,6,1816.5,72.7,-1,-1,1
1816,7,1816.5,64.7,-1,-1,1
1816,8,1816.6,38.7,-1,-1,1
1816,9,1816.7,79.7,-1,-1,1
1816,10,1816.8,94,-1,-1,1
1816,11,1816.9,63.5,-1,-1,1
1816,12,1817,49.8,-1,-1,1
1817,1,1817,60.7,-1,-1,1
1817,2,1817.1,96.5,-1,-1,1
1817,3,1817.2,160.3,-1,-1,1
1817,4,1817.3,44,-1,-1,1
1817,5,1817.4,35.3,-1,-1,1
1817,6,1817.5,66.7,-1,-1,1
1817,7,1817.5,83.3,-1,-1,1
1817,8,1817.6,75,-1,-1,1
1817,9,1817.7,61.2,-1,-1,1
1817,10,1817.8,42.7,-1,-1,1
1817,11,1817.9,48.2,-1,-1,1
1817,12,1818,47.3,-1,-1,1
1818,1,1818,58.1,9.7,8,1
1818,2,1818.1,37.4,7.8,14,1
1818,3,1818.2,42.4,8.3,14,1
1818,4,1818.3,57.5,9.6,21,1
1818,5,1818.4,88.5,11.9,25,1
1818,6,1818.5,60.8,9.9,25,1
1818,7,1818.5,46.8,8.7,21,1
1818,8,1818.6,52.6,9.2,20,1
1818,9,1818.7,43.4,8.3,18,1
1818,10,1818.8,52.8,9.2,22,1
1818,11,1818.9,18.3,5.5,12,1
1818,12,1819,43,8.4,13,1
1819,1,1819,54.7,9.4,12,1
1819,2,1819.1,34.6,7.5,10,1
1819,3,1819.2,6.3,3.6,23,1
1819,4,1819.3,33.7,7.4,23,1
1819,5,1819.4,32.6,7.3,31,1
1819,6,1819.5,58.3,9.7,23,1
1819,7,1819.5,52.5,9.2,15,1
1819,8,1819.6,43.5,8.4,24,1
1819,9,1819.7,24.8,6.4,27,1
1819,10,1819.8,45.9,8.6,22,1
1819,11,1819.9,41.8,8.3,19,1
1819,12,1820,50.9,9.1,20,1
1820,1,1820,32,7.3,19,1
1820,2,1820.1,44.4,8.4,14,1
1820,3,1820.2,7.5,3.9,23,1
1820,4,1820.3,32.3,7.3,19,1
1820,5,1820.4,48.9,8.8,20,1
1820,6,1820.5,17.9,5.6,25,1
1820,7,1820.5,34.1,7.4,7,1
1820,8,1820.6,43.1,8.3,17,1
1820,9,1820.7,8.6,4,25,1
1820,10,1820.8,14.9,5.2,26,1
1820,11,1820.9,13.2,4.8,13,1
1820,12,1821,15.1,5.2,16,1
1821,1,1821,36,7.6,8,1
1821,2,1821.1,7,3.8,24,1
1821,3,1821.2,9.5,4.2,29,1
1821,4,1821.3,15.2,5.2,18,1
1821,5,1821.4,2.8,2.8,31,1
1821,6,1821.5,3,2.9,29,1
1821,7,1821.5,4.3,3.2,24,1
1821,8,1821.6,8,3.9,26,1
1821,9,1821.7,7.3,3.9,29,1
1821,10,1821.8,31.4,7.2,28,1
1821,11,1821.9,7.3,3.9,27,1
1821,12,1822,0.4,2.1,31,1
1822,1,1822,0,2,31,1
1822,2,1822.1,1.5,2.5,28,1
1822,3,1822.2,26.9,6.6,28,1
1822,4,1822.3,21.7,6,26,1
1822,5,1822.4,2.4,2.8,30,1
1822,6,1822.5,9.3,4.2,29,1
1822,7,1822.5,13.2,4.9,29,1
1822,8,1822.6,3.4,3,31,1
1822,9,1822.7,0,2,30,1
1822,10,1822.8,0.6,2.2,31,1
1822,11,1822.9,0,2,30,1
1822,12,1823,0,2,30,1
1823,1,1823,0,2,31,1
1823,2,1823.1,0,2,28,1
1823,3,1823.2,1,2.3,29,1
1823,4,1823.3,0,2,30,1
1823,5,1823.4,0,2,25,1
1823,6,1823.5,0,2,23,1
1823,7,1823.5,0.8,2.2,24,1
1823,8,1823.6,0,2,27,1
1823,9,1823.7,0,2,27,1
1823,10,1823.8,0,2,20,1
1823,11,1823.9,0,2,20,1
1823,12,1824,34,7.4,18,1
1824,1,1824,36,7.6,3,1
1824,2,1824.1,18,4.8,0,1
1824,3,1824.2,0,2,21,1
1824,4,1824.3,32.3,7.2,8,1
1824,5,1824.4,4.6,3.3,19,1
1824,6,1824.5,0,2,25,1
1824,7,1824.5,0,2,21,1
1824,8,1824.6,2.3,2.7,15,1
1824,9,1824.7,34.3,7.5,19,1
1824,10,1824.8,42,8.2,25,1
1824,11,1824.9,0,2,18,1
1824,12,1825,1.4,2.4,20,1
1825,1,1825,8.4,4.1,29,1
1825,2,1825.1,25.9,6.6,24,1
1825,3,1825.2,37.4,7.8,27,1
1825,4,1825.3,6.2,3.6,25,1
1825,5,1825.4,25.8,6.4,25,1
1825,6,1825.5,25.6,6.5,28,1
1825,7,1825.5,51.5,9.1,30,1
1825,8,1825.6,42.8,8.3,30,1
1825,9,1825.7,26.2,6.6,26,1
1825,10,1825.8,26,6.6,25,1
1825,11,1825.9,19.6,5.7,18,1
1825,12,1826,36.7,7.7,23,1
1826,1,1826,29.4,6.9,21,1
1826,2,1826.1,30.2,7,25,1
1826,3,1826.2,61.3,9.9,28,1
1826,4,1826.3,40,8.1,27,1
1826,5,1826.4,53.9,9.3,30,1
1826,6,1826.5,61.7,10,29,1
1826,7,1826.5,87.5,11.9,30,1
1826,8,1826.6,66,10.4,31,1
1826,9,1826.7,31.6,7.2,30,1
1826,10,1826.8,84.4,11.6,28,1
1826,11,1826.9,65.8,10.3,22,1
1826,12,1827,113.6,13.5,19,1
1827,1,1827,57.7,9.7,23,1
1827,2,1827.1,79,11.3,25,1
1827,3,1827.2,96.3,12.4,28,1
1827,4,1827.3,76.7,11.1,27,1
1827,5,1827.4,93.8,12.3,30,1
1827,6,1827.5,94.4,12.3,26,1
1827,7,1827.5,70.4,10.6,31,1
1827,8,1827.6,89.4,12,29,1
1827,9,1827.7,82.6,11.5,30,1
1827,10,1827.8,93.5,12.2,27,1
1827,11,1827.9,80.4,11.4,20,1
1827,12,1828,76.8,11.1,25,1
1828,1,1828,88,11.9,18,1
1828,2,1828.1,107.3,13.1,22,1
1828,3,1828.2,108.5,13.2,24,1
1828,4,1828.3,101.9,12.8,29,1
1828,5,1828.4,148.6,15.5,27,1
1828,6,1828.5,163.4,16.2,26,1
1828,7,1828.5,90.4,12,31,1
1828,8,1828.6,127.3,14.3,31,1
1828,9,1828.7,83.9,11.6,30,1
1828,10,1828.8,91.1,12.1,26,1
1828,11,1828.9,95,12.3,22,1
1828,12,1829,78.1,11.2,15,1
1829,1,1829,71.6,10.7,14,1
1829,2,1829.1,82.3,11.5,20,1
1829,3,1829.2,120.6,13.9,26,1
1829,4,1829.3,158.4,15.9,29,1
1829,5,1829.4,112.3,13.4,29,1
1829,6,1829.5,123.2,14.1,28,1
1829,7,1829.5,151.5,15.6,28,1
1829,8,1829.6,129.3,14.4,27,1
1829,9,1829.7,88,11.9,26,1
1829,10,1829.8,95.3,12.4,23,1
1829,11,1829.9,112.7,13.4,19,1
1829,12,1830,94.1,12.3,22,1
1830,1,1830,87,11.8,17,1
1830,2,1830.1,120.1,13.9,18,1
1830,3,1830.2,141,15.1,20,1
1830,4,1830.3,177.3,16.9,26,1
1830,5,1830.4,110.5,13.3,28,1
1830,6,1830.5,108.4,13.2,27,1
1830,7,1830.5,73.2,10.8,26,1
1830,8,1830.6,84.6,11.7,25,1
1830,9,1830.7,103.4,12.9,24,1
1830,10,1830.8,140.6,15,25,1
1830,11,1830.9,135.4,14.7,19,1
1830,12,1831,136.8,14.8,13,1
1831,1,1831,79,11.3,22,1
1831,2,1831.1,83.6,11.6,21,1
1831,3,1831.2,155.8,15.8,25,1
1831,4,1831.3,90.9,12.1,27,1
1831,5,1831.4,63.4,10.1,31,1
1831,6,1831.5,55.6,9.4,27,1
1831,7,1831.5,75.4,11,29,1
1831,8,1831.6,91.6,12.1,28,1
1831,9,1831.7,63.2,10.1,22,1
1831,10,1831.8,77.1,11.1,23,1
1831,11,1831.9,72.5,10.8,15,1
1831,12,1832,48.3,8.8,15,1
1832,1,1832,51.5,9.1,11,1
1832,2,1832.1,92.6,12.2,23,1
1832,3,1832.2,91.9,12.1,21,1
1832,4,1832.3,44.8,8.5,27,1
1832,5,1832.4,68.9,10.5,28,1
1832,6,1832.5,44.5,8.4,22,1
1832,7,1832.5,23.3,6.2,25,1
1832,8,1832.6,14.8,5.1,31,1
1832,9,1832.7,13.7,4.9,29,1
1832,10,1832.8,35.2,7.5,25,1
1832,11,1832.9,23.8,6.2,18,1
1832,12,1833,45.8,8.6,17,1
1833,1,1833,18.7,5.7,22,1
1833,2,1833.1,24.9,6.5,21,1
1833,3,1833.2,19.6,5.8,19,1
1833,4,1833.3,4.6,3.3,27,1
1833,5,1833.4,21.5,6,28,1
1833,6,1833.5,1.7,2.5,30,1
1833,7,1833.5,11.6,4.6,27,1
1833,8,1833.6,9.5,4.2,30,1
1833,9,1833.7,19.3,5.8,16,1
1833,10,1833.8,12.5,4.7,29,1
1833,11,1833.9,9.8,4.2,24,1
1833,12,1834,16.6,5.3,19,1
1834,1,1834,8.2,4,11,1
1834,2,1834.1,30.1,7,20,1
1834,3,1834.2,6.5,3.7,24,1
1834,4,1834.3,2.4,2.7,25,1
1834,5,1834.4,14.8,5,30,1
1834,6,1834.5,13.1,4.8,28,1
1834,7,1834.5,14.4,5,22,1
1834,8,1834.6,6.6,3.7,29,1
1834,9,1834.7,19.2,5.6,21,1
1834,10,1834.8,41.3,8.2,20,1
1834,11,1834.9,50.9,9.1,15,1
1834,12,1835,57.5,9.6,15,1
1835,1,1835,12.4,4.7,22,1
1835,2,1835.1,40.7,8.1,15,1
1835,3,1835.2,32.7,7.3,18,1
1835,4,1835.3,102.4,12.8,14,1
1835,5,1835.4,72.6,10.8,22,1
1835,6,1835.5,55.2,9.4,17,1
1835,7,1835.5,99.6,12.7,13,1
1835,8,1835.6,98.5,12.6,2,1
1835,9,1835.7,168,16.4,11,1
1835,10,1835.8,158.6,16,16,1
1835,11,1835.9,166.7,16.4,15,1
1835,12,1836,129.3,14.4,8,1
1836,1,1836,147.6,15.4,17,1
1836,2,1836.1,179.4,17,14,1
1836,3,1836.2,163.7,16.2,12,1
1836,4,1836.3,238,19.6,16,1
1836,5,1836.4,185.7,17.3,23,1
1836,6,1836.5,207.9,18.3,15,1
1836,7,1836.5,194.6,17.7,15,1
1836,8,1836.6,179.6,17,16,1
1836,9,1836.7,158.5,16,12,1
1836,10,1836.8,228.9,19.2,11,1
1836,11,1836.9,201.5,18,11,1
1836,12,1837,343.8,23.5,4,1
1837,1,1837,313.4,22.4,10,1
1837,2,1837.1,292.6,21.7,13,1
1837,3,1837.2,224.3,19,12,1
1837,4,1837.3,230.3,19.2,10,1
1837,5,1837.4,186.1,17.3,15,1
1837,6,1837.5,263.4,20.6,18,1
1837,7,1837.5,271.2,20.9,9,1
1837,8,1837.6,223.5,18.9,11,1
1837,9,1837.7,160.4,16.1,19,1
1837,10,1837.8,206.2,18.2,18,1
1837,11,1837.9,178.4,16.9,7,1
1837,12,1838,216.1,18.6,8,1
1838,1,1838,241.5,19.7,11,1
1838,2,1838.1,141.3,15.1,18,1
1838,3,1838.2,234.5,19.4,12,1
1838,4,1838.3,211.1,18.4,16,1
1838,5,1838.4,229.4,19.2,20,1
1838,6,1838.5,157.6,15.9,19,1
1838,7,1838.5,180.4,17,21,1
1838,8,1838.6,131.3,14.5,15,1
1838,9,1838.7,122.7,14,23,1
1838,10,1838.8,151.5,15.6,16,1
1838,11,1838.9,129.2,14.4,16,1
1838,12,1839,132.9,14.6,14,1
1839,1,1839,175.9,16.8,15,1
1839,2,1839.1,170.8,16.6,12,1
1839,3,1839.2,129.5,14.4,15,1
1839,4,1839.3,102.9,12.9,14,1
1839,5,1839.4,89.6,12,22,1
1839,6,1839.5,91.2,12.1,20,1
1839,7,1839.5,141.3,15.1,25,1
1839,8,1839.6,218.8,18.7,17,1
1839,9,1839.7,221.1,18.8,18,1
1839,10,1839.8,151.5,15.6,16,1
1839,11,1839.9,114.7,13.6,11,1
1839,12,1840,106.2,13.1,9,1
1840,1,1840,135.4,14.7,18,1
1840,2,1840.1,146.1,15.3,14,1
1840,3,1840.2,112.9,13.5,18,1
1840,4,1840.3,109.8,13.3,21,1
1840,5,1840.4,115.4,13.6,22,1
1840,6,1840.5,80.9,11.4,27,1
1840,7,1840.5,101,12.7,23,1
1840,8,1840.6,96.4,12.4,24,1
1840,9,1840.7,123.3,14.1,20,1
1840,10,1840.8,91.7,12.1,19,1
1840,11,1840.9,90.4,12,20,1
1840,12,1841,89.5,12,22,1
1841,1,1841,40.1,8.1,15,1
1841,2,1841.1,49.9,8.9,20,1
1841,3,1841.2,49.6,8.9,22,1
1841,4,1841.3,66.9,10.4,28,1
1841,5,1841.4,112.4,13.5,27,1
1841,6,1841.5,92.8,12.2,24,1
1841,7,1841.5,51.4,9.1,27,1
1841,8,1841.6,65.4,10.3,28,1
1841,9,1841.7,60.9,9.9,28,1
1841,10,1841.8,47.4,8.7,19,1
1841,11,1841.9,32.9,7.3,20,1
1841,12,1842,64.8,10.2,19,1
1842,1,1842,34,7.5,20,1
1842,2,1842.1,36.8,7.8,22,1
1842,3,1842.2,36.2,7.7,25,1
1842,4,1842.3,44.9,8.5,30,1
1842,5,1842.4,41.4,8.2,31,1
1842,6,1842.5,34.2,7.4,30,1
1842,7,1842.5,21,6,31,1
1842,8,1842.6,44.4,8.5,31,1
1842,9,1842.7,30.6,7.1,28,1
1842,10,1842.8,63.5,10.1,23,1
1842,11,1842.9,67.5,10.4,25,1
1842,12,1843,29.3,6.9,15,1
1843,1,1843,22.2,6.1,22,1
1843,2,1843.1,5.9,3.5,14,1
1843,3,1843.2,13.9,5,29,1
1843,4,1843.3,15.8,5.2,29,1
1843,5,1843.4,35.1,7.6,30,1
1843,6,1843.5,17.6,5.4,30,1
1843,7,1843.5,15.9,5.2,31,1
1843,8,1843.6,19.6,5.8,31,1
1843,9,1843.7,6.9,3.7,30,1
1843,10,1843.8,8.9,4.1,31,1
1843,11,1843.9,31.7,7.2,27,1
1843,12,1844,21.2,6,16,1
1844,1,1844,15.7,5.2,24,1
1844,2,1844.1,24.5,6.4,22,1
1844,3,1844.2,22.5,6.1,21,1
1844,4,1844.3,34.6,7.5,28,1
1844,5,1844.4,19.2,5.7,25,1
1844,6,1844.5,6.2,3.6,29,1
1844,7,1844.5,35.2,7.6,29,1
1844,8,1844.6,39.7,8.1,28,1
1844,9,1844.7,11.6,4.7,27,1
1844,10,1844.8,35.9,7.7,25,1
1844,11,1844.9,17.9,5.6,16,1
1844,12,1845,36,7.6,20,1
1845,1,1845,42.8,8.3,17,1
1845,2,1845.1,72.8,10.8,17,1
1845,3,1845.2,72.1,10.8,22,1
1845,4,1845.3,95,12.3,25,1
1845,5,1845.4,79.7,11.3,27,1
1845,6,1845.5,51.8,9.2,25,1
1845,7,1845.5,51,9.1,24,1
1845,8,1845.6,53.9,9.3,27,1
1845,9,1845.7,49.3,9,26,1
1845,10,1845.8,67.8,10.4,19,1
1845,11,1845.9,65.7,10.3,23,1
1845,12,1846,99.5,12.6,13,1
1846,1,1846,64.6,10.2,19,1
1846,2,1846.1,84.9,11.7,21,1
1846,3,1846.2,106.5,13.1,22,1
1846,4,1846.3,115.5,13.6,19,1
1846,5,1846.4,99.9,12.7,21,1
1846,6,1846.5,108.4,13.2,28,1
1846,7,1846.5,77.5,11.1,26,1
1846,8,1846.6,91.3,12.1,26,1
1846,9,1846.7,178.6,16.9,23,1
1846,10,1846.8,93.4,12.2,16,1
1846,11,1846.9,100.6,12.7,16,1
1846,12,1847,109.1,13.2,10,1
1847,1,1847,104.4,12.9,11,1
1847,2,1847.1,74.9,10.9,10,1
1847,3,1847.2,143,15.1,19,1
1847,4,1847.3,74.6,10.9,20,1
1847,5,1847.4,125.7,14.2,26,1
1847,6,1847.5,142.2,15.1,25,1
1847,7,1847.5,87.1,11.8,25,1
1847,8,1847.6,234.3,19.4,28,1
1847,9,1847.7,268.2,20.7,15,1
1847,10,1847.8,300.6,22,19,1
1847,11,1847.9,231.5,19.3,20,1
1847,12,1848,182.6,17.1,14,1
1848,1,1848,265.2,20.6,14,1
1848,2,1848.1,186.4,17.3,13,1
1848,3,1848.2,181.2,17.1,17,1
1848,4,1848.3,178.6,16.9,18,1
1848,5,1848.4,170.5,16.5,27,1
1848,6,1848.5,214.9,18.6,24,1
1848,7,1848.5,232,19.3,27,1
1848,8,1848.6,220.9,18.8,21,1
1848,9,1848.7,167.3,16.4,20,1
1848,10,1848.8,220.6,18.8,13,1
1848,11,1848.9,191,17.5,16,1
1848,12,1849,265.8,20.7,24,1
1849,1,1849,298.3,21.4,31,1
1849,2,1849.1,250.3,19.5,28,1
1849,3,1849.2,182.7,16.6,31,1
1849,4,1849.3,194.7,17.1,30,1
1849,5,1849.4,153.2,15.1,31,1
1849,6,1849.5,154.2,15.2,30,1
1849,7,1849.5,148.2,14.9,31,1
1849,8,1849.6,128.6,13.8,31,1
1849,9,1849.7,178,16.3,30,1
1849,10,1849.8,135.7,14.2,31,1
1849,11,1849.9,188.2,16.8,30,1
1849,12,1850,184.3,16.6,31,1
1850,1,1850,148.2,14.9,31,1
1850,2,1850.1,169.8,15.9,28,1
1850,3,1850.2,156.8,15.3,31,1
1850,4,1850.3,83.8,11.1,30,1
1850,5,1850.4,117,13.1,31,1
1850,6,1850.5,133,14.1,30,1
1850,7,1850.5,74.3,10.5,31,1
1850,8,1850.6,117,13.1,31,1
1850,9,1850.7,163.7,15.6,30,1
1850,10,1850.8,134.9,14.1,31,1
1850,11,1850.9,104.1,12.4,30,1
1850,12,1851,115.9,13.1,31,1
1851,1,1851,143.5,14.7,31,1
1851,2,1851.1,200.1,17.3,28,1
1851,3,1851.2,122.8,13.5,31,1
1851,4,1851.3,107.3,12.6,30,1
1851,5,1851.4,118.9,13.3,31,1
1851,6,1851.5,120,13.3,30,1
1851,7,1851.5,68.6,10,31,1
1851,8,1851.6,109,12.7,31,1
1851,9,1851.7,128.9,13.8,30,1
1851,10,1851.8,118.7,13.3,31,1
1851,11,1851.9,96.8,11.9,30,1
1851,12,1852,135.5,14.2,31,1
1852,1,1852,129.9,13.9,31,1
1852,2,1852.1,126.2,13.7,29,1
1852,3,1852.2,116.2,13.1,31,1
1852,4,1852.3,124.3,13.6,30,1
1852,5,1852.4,104.3,12.4,31,1
1852,6,1852.5,89,11.4,30,1
1852,7,1852.5,80,10.8,31,1
1852,8,1852.6,75.3,10.5,31,1
1852,9,1852.7,71.2,10.2,30,1
1852,10,1852.8,127.9,13.8,31,1
1852,11,1852.9,103.1,12.3,30,1
1852,12,1853,86.1,11.3,31,1
1853,1,1853,77.9,10.7,31,1
1853,2,1853.1,81.5,10.9,28,1
1853,3,1853.2,71.6,10.2,31,1
1853,4,1853.3,90.4,11.5,30,1
1853,5,1853.4,65.9,9.8,31,1
1853,6,1853.5,76,10.6,30,1
1853,7,1853.5,87.2,11.3,31,1
1853,8,1853.6,95.8,11.9,31,1
1853,9,1853.7,63.7,9.7,30,1
1853,10,1853.8,80.5,10.9,31,1
1853,11,1853.9,54.7,8.9,30,1
1853,12,1854,44.5,8,31,1
1854,1,1854,29.3,6.5,31,1
1854,2,1854.1,38,7.4,28,1
1854,3,1854.2,39.4,7.6,31,1
1854,4,1854.3,50.3,8.6,30,1
1854,5,1854.4,45.6,8.2,31,1
1854,6,1854.5,40.1,7.6,30,1
1854,7,1854.5,35.5,7.2,31,1
1854,8,1854.6,30.1,6.6,31,1
1854,9,1854.7,42.6,7.9,30,1
1854,10,1854.8,24.1,5.9,31,1
1854,11,1854.9,53.5,8.8,30,1
1854,12,1855,41.1,7.7,31,1
1855,1,1855,23.4,5.8,31,1
1855,2,1855.1,21.6,5.6,28,1
1855,3,1855.2,33,6.9,31,1
1855,4,1855.3,8.4,3.5,30,1
1855,5,1855.4,17.3,5,31,1
1855,6,1855.5,10,3.8,30,1
1855,7,1855.5,0.7,1,31,1
1855,8,1855.6,5.9,2.9,31,1
1855,9,1855.7,0,0,30,1
1855,10,1855.8,18.3,5.1,31,1
1855,11,1855.9,7.9,3.4,30,1
1855,12,1856,5.8,2.9,31,1
1856,1,1856,1,1.2,31,1
1856,2,1856.1,9.3,3.7,29,1
1856,3,1856.2,0.7,1,31,1
1856,4,1856.3,12.4,4.2,30,1
1856,5,1856.4,0,0,31,1
1856,6,1856.5,9.8,3.8,30,1
1856,7,1856.5,8.8,3.6,31,1
1856,8,1856.6,11.3,4,31,1
1856,9,1856.7,8.4,3.5,30,1
1856,10,1856.8,8.5,3.5,31,1
1856,11,1856.9,14.7,4.6,30,1
1856,12,1857,13.7,4.4,31,1
1857,1,1857,26,6.1,31,1
1857,2,1857.1,14.2,4.5,28,1
1857,3,1857.2,10,3.8,31,1
1857,4,1857.3,21.1,5.5,30,1
1857,5,1857.4,54.2,8.9,31,1
1857,6,1857.5,30.5,6.6,30,1
1857,7,1857.5,42.2,7.8,31,1
1857,8,1857.6,32,6.8,31,1
1857,9,1857.7,80.6,10.9,30,1
1857,10,1857.8,77.1,10.6,31,1
1857,11,1857.9,59.6,9.3,30,1
1857,12,1858,70.7,10.2,31,1
1858,1,1858,74.2,10.4,31,1
1858,2,1858.1,66.3,9.9,28,1
1858,3,1858.2,109.2,12.7,31,1
1858,4,1858.3,72.8,10.3,30,1
1858,5,1858.4,78.6,10.7,31,1
1858,6,1858.5,84.5,11.1,30,1
1858,7,1858.5,107.7,12.6,31,1
1858,8,1858.6,104.9,12.5,31,1
1858,9,1858.7,152.2,15.1,30,1
1858,10,1858.8,173.2,16.1,31,1
1858,11,1858.9,98.6,12.1,30,1
1858,12,1859,127,13.7,31,1
1859,1,1859,159,15.4,31,1
1859,2,1859.1,166.4,15.8,28,1
1859,3,1859.2,171.5,16,31,1
1859,4,1859.3,162.9,15.6,30,1
1859,5,1859.4,172.8,16.1,31,1
1859,6,1859.5,165.2,15.7,30,1
1859,7,1859.5,180.7,16.5,31,1
1859,8,1859.6,203,17.5,31,1
1859,9,1859.7,200.9,17.4,30,1
1859,10,1859.8,217.8,18.1,31,1
1859,11,1859.9,184.6,16.6,30,1
1859,12,1860,153.9,15.1,31,1
1860,1,1860,156.6,15.3,31,1
1860,2,1860.1,167.9,15.9,29,1
1860,3,1860.2,188,16.8,31,1
1860,4,1860.3,135.7,14.2,30,1
1860,5,1860.4,203.5,17.5,31,1
1860,6,1860.5,206.3,17.7,30,1
1860,7,1860.5,221.9,18.3,31,1
1860,8,1860.6,190.5,16.9,31,1
1860,9,1860.7,175.2,16.2,30,1
1860,10,1860.8,171.1,16,31,1
1860,11,1860.9,186,16.7,30,1
1860,12,1861,181.7,16.5,31,1
1861,1,1861,118.5,13.2,31,1
1861,2,1861.1,147.5,14.8,28,1
1861,3,1861.2,192,17,31,1
1861,4,1861.3,187.1,16.8,30,1
1861,5,1861.4,107.8,12.6,31,1
1861,6,1861.5,167.5,15.8,30,1
1861,7,1861.5,148.2,14.8,31,1
1861,8,1861.6,156.7,15.3,31,1
1861,9,1861.7,151.9,15,30,1
1861,10,1861.8,127.7,13.8,31,1
1861,11,1861.9,102,12.3,30,1
1861,12,1862,152.8,15.1,31,1
1862,1,1862,119.9,13.3,31,1
1862,2,1862.1,122.4,13.5,28,1
1862,3,1862.2,82.7,11,31,1
1862,4,1862.3,102.1,12.2,30,1
1862,5,1862.4,122.4,13.4,31,1
1862,6,1862.5,159.7,15.4,30,1
1862,7,1862.5,139.5,14.4,31,1
1862,8,1862.6,118.7,13.2,31,1
1862,9,1862.7,126.4,13.7,30,1
1862,10,1862.8,79.8,10.8,31,1
1862,11,1862.9,96,11.9,30,1
1862,12,1863,77.6,10.7,31,1
1863,1,1863,91.8,11.6,31,1
1863,2,1863.1,107.7,12.6,28,1
1863,3,1863.2,126,13.6,31,1
1863,4,1863.3,77.1,10.6,30,1
1863,5,1863.4,102.1,12.2,31,1
1863,6,1863.5,77.6,10.7,30,1
1863,7,1863.5,62,9.5,31,1
1863,8,1863.6,91.3,11.6,31,1
1863,9,1863.7,41.7,7.8,30,1
1863,10,1863.8,75.7,10.5,31,1
1863,11,1863.9,71.6,10.2,30,1
1863,12,1864,78.1,10.7,31,1
1864,1,1864,109.7,12.7,31,1
1864,2,1864.1,89.5,11.5,29,1
1864,3,1864.2,125.9,13.6,31,1
1864,4,1864.3,68.1,10,30,1
1864,5,1864.4,77.1,10.6,31,1
1864,6,1864.5,109.9,12.8,30,1
1864,7,1864.5,103.8,12.4,31,1
1864,8,1864.6,104.1,12.5,31,1
1864,9,1864.7,54.2,8.9,30,1
1864,10,1864.8,64.4,9.7,31,1
1864,11,1864.9,109.3,12.7,30,1
1864,12,1865,54.3,8.9,31,1
1865,1,1865,92.5,11.7,31,1
1865,2,1865.1,74.6,10.5,28,1
1865,3,1865.2,75,10.5,31,1
1865,4,1865.3,55.9,9,30,1
1865,5,1865.4,65.6,9.8,31,1
1865,6,1865.5,63.8,9.7,30,1
1865,7,1865.5,50.8,8.6,31,1
1865,8,1865.6,71.8,10.3,31,1
1865,9,1865.7,41,7.7,30,1
1865,10,1865.8,32.5,6.9,31,1
1865,11,1865.9,46.7,8.2,30,1
1865,12,1866,24.3,5.9,31,1
1866,1,1866,60,9.4,31,1
1866,2,1866.1,72.9,10.4,28,1
1866,3,1866.2,46.6,8.2,31,1
1866,4,1866.3,33.5,7,30,1
1866,5,1866.4,24.6,6,31,1
1866,6,1866.5,31.4,6.7,30,1
1866,7,1866.5,17.6,5,31,1
1866,8,1866.6,24.2,5.9,31,1
1866,9,1866.7,13.9,4.5,30,1
1866,10,1866.8,26.8,6.2,31,1
1866,11,1866.9,17.2,5,30,1
1866,12,1867,2.9,2,31,1
1867,1,1867,0,0,31,1
1867,2,1867.1,1.4,1.4,28,1
1867,3,1867.2,17.4,5,31,1
1867,4,1867.3,9.7,3.7,30,1
1867,5,1867.4,5.5,2.8,31,1
1867,6,1867.5,2.8,2,30,1
1867,7,1867.5,9.5,3.7,31,1
1867,8,1867.6,9.1,3.6,31,1
1867,9,1867.7,18.7,5.2,30,1
1867,10,1867.8,25.5,6.1,31,1
1867,11,1867.9,18.1,5.1,30,1
1867,12,1868,47.9,8.4,31,1
1868,1,1868,25.9,5.9,31,1
1868,2,1868.1,26.3,5.8,29,1
1868,3,1868.2,44,7.5,31,1
1868,4,1868.3,61.1,8.8,30,1
1868,5,1868.4,44.5,7.5,31,1
1868,6,1868.5,51.8,8.1,30,1
1868,7,1868.5,48.3,7.9,31,1
1868,8,1868.6,57.3,8.5,31,1
1868,9,1868.7,78.7,10,30,1
1868,10,1868.8,102.8,11.4,31,1
1868,11,1868.9,98.7,11.2,30,1
1868,12,1869,112.8,11.9,31,1
1869,1,1869,101.6,11.3,31,1
1869,2,1869.1,99.9,11.2,28,1
1869,3,1869.2,88,10.5,31,1
1869,4,1869.3,68.4,9.3,30,1
1869,5,1869.4,173.4,14.8,31,1
1869,6,1869.5,180.7,15.1,30,1
1869,7,1869.5,98.8,11.2,31,1
1869,8,1869.6,132.7,12.9,31,1
1869,9,1869.7,134.5,13,30,1
1869,10,1869.8,99,11.2,31,1
1869,11,1869.9,130.2,12.8,30,1
1869,12,1870,174.1,14.8,31,1
1870,1,1870,129,12.7,31,1
1870,2,1870.1,191.7,15.5,28,1
1870,3,1870.2,262.7,18.2,31,1
1870,4,1870.3,266.9,18.3,30,1
1870,5,1870.4,293.6,19.2,31,1
1870,6,1870.5,226.3,16.9,30,1
1870,7,1870.5,220.9,16.7,31,1
1870,8,1870.6,256.5,18,31,1
1870,9,1870.7,226.8,16.9,30,1
1870,10,1870.8,244.3,17.5,31,1
1870,11,1870.9,246,17.6,30,1
1870,12,1871,216.7,16.5,31,1
1871,1,1871,147.2,13.6,31,1
1871,2,1871.1,209,16.2,28,1
1871,3,1871.2,238.7,17.4,31,1
1871,4,1871.3,270.9,18.5,30,1
1871,5,1871.4,242.6,17.5,31,1
1871,6,1871.5,152.9,13.9,30,1
1871,7,1871.5,171.8,14.7,31,1
1871,8,1871.6,183.7,15.2,31,1
1871,9,1871.7,133.9,13,30,1
1871,10,1871.8,148.5,13.7,31,1
1871,11,1871.9,175.7,14.9,30,1
1871,12,1872,150.8,13.8,31,1
1872,1,1872,132.7,12.9,31,1
1872,2,1872.1,200.3,15.9,29,1
1872,3,1872.2,147.5,13.6,31,1
1872,4,1872.3,170.4,14.7,30,1
1872,5,1872.4,179.5,15,31,1
1872,6,1872.5,183.3,15.2,30,1
1872,7,1872.5,176,14.9,31,1
1872,8,1872.6,155,14,31,1
1872,9,1872.7,191.1,15.5,30,1
1872,10,1872.8,171.2,14.7,31,1
1872,11,1872.9,186.8,15.3,30,1
1872,12,1873,139.9,13.3,31,1
1873,1,1873,144.6,13.5,31,1
1873,2,1873.1,178.4,15,28,1
1873,3,1873.2,164,14.4,31,1
1873,4,1873.3,127.1,12.7,30,1
1873,5,1873.4,80,10.1,31,1
1873,6,1873.5,74.8,9.8,30,1
1873,7,1873.5,111.7,11.9,31,1
1873,8,1873.6,113.8,12,31,1
1873,9,1873.7,78.7,10,30,1
1873,10,1873.8,78.6,10,31,1
1873,11,1873.9,92.5,10.8,30,1
1873,12,1874,82,10.2,31,1
1874,1,1874,101.4,11.3,31,1
1874,2,1874.1,107.1,11.6,28,1
1874,3,1874.2,77.5,9.9,31,1
1874,4,1874.3,53.5,8.2,30,1
1874,5,1874.4,74.6,9.7,31,1
1874,6,1874.5,63.8,9,30,1
1874,7,1874.5,113.2,11.9,31,1
1874,8,1874.6,102.3,11.3,31,1
1874,9,1874.7,46.8,7.7,30,1
1874,10,1874.8,57.4,8.5,31,1
1874,11,1874.9,48.2,7.8,30,1
1874,12,1875,48.8,7.9,31,1
1875,1,1875,24.4,5.7,31,1
1875,2,1875.1,35.9,6.8,28,1
1875,3,1875.2,56.4,8.4,31,1
1875,4,1875.3,48.6,7.8,30,1
1875,5,1875.4,19.2,5.1,31,1
1875,6,1875.5,39.9,7.1,30,1
1875,7,1875.5,20.9,5.3,31,1
1875,8,1875.6,24.4,5.7,31,1
1875,9,1875.7,4,2.9,30,1
1875,10,1875.8,21.3,5.3,31,1
1875,11,1875.9,29.6,6.3,30,1
1875,12,1876,16.5,4.8,31,1
1876,1,1876,23.9,5.7,31,1
1876,2,1876.1,25.1,5.7,29,1
1876,3,1876.2,51.1,8.1,31,1
1876,4,1876.3,3.9,2.9,30,1
1876,5,1876.4,8.5,3.7,31,1
1876,6,1876.5,2.7,2.6,30,1
1876,7,1876.5,25.5,5.8,31,1
1876,8,1876.6,14.8,4.5,31,1
1876,9,1876.7,16.6,4.8,30,1
1876,10,1876.8,23.9,5.6,31,1
1876,11,1876.9,16.6,4.8,30,1
1876,12,1877,13.6,4.4,31,1
1877,1,1877,40.6,7.2,31,1
1877,2,1877.1,14.5,4.4,28,1
1877,3,1877.2,19.9,5.2,31,1
1877,4,1877.3,26.3,5.9,30,1
1877,5,1877.4,36.1,6.8,31,1
1877,6,1877.5,23.6,5.5,30,1
1877,7,1877.5,10,3.8,31,1
1877,8,1877.6,10.5,3.9,31,1
1877,9,1877.7,28.1,6,30,1
1877,10,1877.8,11.2,4.1,31,1
1877,11,1877.9,23.6,5.6,30,1
1877,12,1878,3.5,2.7,31,1
1878,1,1878,5.5,3.1,31,1
1878,2,1878.1,11,4.1,28,1
1878,3,1878.2,13.1,4.3,31,1
1878,4,1878.3,0.2,2,30,1
1878,5,1878.4,9.9,3.9,31,1
1878,6,1878.5,10.7,4,30,1
1878,7,1878.5,0.2,2,31,1
1878,8,1878.6,0,2,31,1
1878,9,1878.7,8.8,3.7,30,1
1878,10,1878.8,1.9,2.4,31,1
1878,11,1878.9,6.8,3.3,30,1
1878,12,1879,0.9,2.2,31,1
1879,1,1879,1.6,2.3,31,1
1879,2,1879.1,0.9,2.2,28,1
1879,3,1879.2,0,2,31,1
1879,4,1879.3,10.4,3.9,30,1
1879,5,1879.4,4,2.8,31,1
1879,6,1879.5,8,3.6,30,1
1879,7,1879.5,12.6,4.2,31,1
1879,8,1879.6,17.9,5,31,1
1879,9,1879.7,10.1,3.8,30,1
1879,10,1879.8,20.4,5.2,31,1
1879,11,1879.9,21.9,5.4,30,1
1879,12,1880,12.2,4.1,31,1
1880,1,1880,40.1,7.2,31,1
1880,2,1880.1,45.4,7.6,29,1
1880,3,1880.2,32.1,6.4,31,1
1880,4,1880.3,32.4,6.4,30,1
1880,5,1880.4,39.1,7.1,31,1
1880,6,1880.5,56.9,8.5,30,1
1880,7,1880.5,36.5,6.8,31,1
1880,8,1880.6,80.3,10.1,31,1
1880,9,1880.7,110.1,11.8,30,1
1880,10,1880.8,71.7,9.5,31,1
1880,11,1880.9,51.1,8.1,30,1
1880,12,1881,49.4,7.9,31,1
1881,1,1881,60.6,8.7,31,1
1881,2,1881.1,88.6,10.6,28,1
1881,3,1881.2,85.8,10.4,31,1
1881,4,1881.3,86.1,10.4,30,1
1881,5,1881.4,72.5,9.6,31,1
1881,6,1881.5,100.8,11.3,30,1
1881,7,1881.5,128.2,12.7,31,1
1881,8,1881.6,97.3,11.1,31,1
1881,9,1881.7,88.6,10.6,30,1
1881,10,1881.8,107.3,11.6,31,1
1881,11,1881.9,91.5,10.7,30,1
1881,12,1882,78.8,10,31,1
1882,1,1882,75,9.7,31,1
1882,2,1882.1,115.9,12.1,28,1
1882,3,1882.2,111.5,11.8,31,1
1882,4,1882.3,159.6,14.2,30,1
1882,5,1882.4,106.9,11.6,31,1
1882,6,1882.5,75.4,9.8,30,1
1882,7,1882.5,75.7,9.8,31,1
1882,8,1882.6,67.5,9.2,31,1
1882,9,1882.7,96.1,11,30,1
1882,10,1882.8,98.6,11.2,31,1
1882,11,1882.9,140.6,13.3,30,1
1882,12,1883,69.7,9.4,31,1
1883,1,1883,101,11.3,31,1
1883,2,1883.1,78.2,10,28,1
1883,3,1883.2,71.3,9.5,31,1
1883,4,1883.3,136.8,13.1,30,1
1883,5,1883.4,52.5,8.1,31,1
1883,6,1883.5,127.2,12.7,30,1
1883,7,1883.5,134.4,13,31,1
1883,8,1883.6,76.6,9.8,31,1
1883,9,1883.7,87.8,10.5,30,1
1883,10,1883.8,139.6,13.3,31,1
1883,11,1883.9,140.8,13.3,30,1
1883,12,1884,126.5,12.6,31,1
1884,1,1884,152.6,13.9,31,1
1884,2,1884.1,144.8,13.5,29,1
1884,3,1884.2,145.8,13.6,31,1
1884,4,1884.3,126.9,12.7,30,1
1884,5,1884.4,110.9,11.8,31,1
1884,6,1884.5,85.3,10.4,30,1
1884,7,1884.5,88.5,10.6,31,1
1884,8,1884.6,93.1,10.8,31,1
1884,9,1884.7,103.1,11.4,30,1
1884,10,1884.8,79.6,10,31,1
1884,11,1884.9,60.9,8.8,30,1
1884,12,1885,78.6,10,31,1
1885,1,1885,71.4,9.5,31,1
1885,2,1885.1,119.7,12.3,28,1
1885,3,1885.2,82.9,10.2,31,1
1885,4,1885.3,91.7,10.8,30,1
1885,5,1885.4,121.6,12.4,31,1
1885,6,1885.5,139.5,13.3,30,1
1885,7,1885.5,110.9,11.8,31,1
1885,8,1885.6,83.5,10.3,31,1
1885,9,1885.7,66,9.1,30,1
1885,10,1885.8,64.5,9.1,31,1
1885,11,1885.9,51.6,8.1,30,1
1885,12,1886,36.3,6.8,31,1
1886,1,1886,49.8,8,31,1
1886,2,1886.1,43.2,7.4,28,1
1886,3,1886.2,95.5,11,31,1
1886,4,1886.3,72.9,9.6,30,1
1886,5,1886.4,51.2,8,31,1
1886,6,1886.5,45.3,7.6,30,1
1886,7,1886.5,50.4,8,31,1
1886,8,1886.6,28.1,6,31,1
1886,9,1886.7,35.7,6.8,30,1
1886,10,1886.8,14.4,4.3,31,1
1886,11,1886.9,0.6,2.1,30,1
1886,12,1887,21.7,5.3,31,1
1887,1,1887,17,4.8,31,1
1887,2,1887.1,22,5.4,28,1
1887,3,1887.2,7.1,3.3,31,1
1887,4,1887.3,11.6,4,30,1
1887,5,1887.4,33.4,6.5,31,1
1887,6,1887.5,26.1,5.7,30,1
1887,7,1887.5,38.9,7,31,1
1887,8,1887.6,35.7,6.8,31,1
1887,9,1887.7,12.4,4.2,30,1
1887,10,1887.8,11,3.9,31,1
1887,11,1887.9,11.5,4,30,1
1887,12,1888,34.5,6.6,31,1
1888,1,1888,21.2,5.3,31,1
1888,2,1888.1,11.8,4.1,29,1
1888,3,1888.2,13.1,4.3,31,1
1888,4,1888.3,8.5,3.5,30,1
1888,5,1888.4,11.7,4.1,31,1
1888,6,1888.5,11.8,4,30,1
1888,7,1888.5,5,2.9,31,1
1888,8,1888.6,4.6,2.9,31,1
1888,9,1888.7,14.6,4.4,30,1
1888,10,1888.8,3.4,2.7,31,1
1888,11,1888.9,17.9,4.8,30,1
1888,12,1889,11.1,3.9,31,1
1889,1,1889,1.3,2.3,31,1
1889,2,1889.1,14.2,4.5,28,1
1889,3,1889.2,11.1,4,31,1
1889,4,1889.3,7.3,3.4,30,1
1889,5,1889.4,4,2.8,31,1
1889,6,1889.5,10.8,4,30,1
1889,7,1889.5,15.8,4.6,31,1
1889,8,1889.6,34.3,6.7,31,1
1889,9,1889.7,10.9,3.9,30,1
1889,10,1889.8,3.4,2.6,31,1
1889,11,1889.9,0.3,2,30,1
1889,12,1890,11.2,4.1,31,1
1890,1,1890,8.8,3.6,31,1
1890,2,1890.1,1.1,2.2,28,1
1890,3,1890.2,8.5,3.6,31,1
1890,4,1890.3,2.7,2.5,30,1
1890,5,1890.4,7.9,3.5,31,1
1890,6,1890.5,2.2,2.4,30,1
1890,7,1890.5,19.3,5.1,31,1
1890,8,1890.6,14.2,4.4,31,1
1890,9,1890.7,28.6,6,30,1
1890,10,1890.8,18.6,5,31,1
1890,11,1890.9,15.9,4.7,30,1
1890,12,1891,13.1,4.2,31,1
1891,1,1891,22.5,5.5,31,1
1891,2,1891.1,36.9,6.9,28,1
1891,3,1891.2,17.2,4.7,31,1
1891,4,1891.3,34.2,6.6,30,1
1891,5,1891.4,68.5,9.3,31,1
1891,6,1891.5,80.4,10.1,30,1
1891,7,1891.5,98,11.1,31,1
1891,8,1891.6,55.1,8.3,31,1
1891,9,1891.7,89.7,10.7,30,1
1891,10,1891.8,86,10.4,31,1
1891,11,1891.9,69.8,9.4,30,1
1891,12,1892,54.3,8.3,31,1
1892,1,1892,115.2,12.1,31,1
1892,2,1892.1,126.1,12.6,29,1
1892,3,1892.2,83.3,10.3,31,1
1892,4,1892.3,116,12.1,30,1
1892,5,1892.4,132.7,12.9,31,1
1892,6,1892.5,127.3,12.7,30,1
1892,7,1892.5,127.6,12.7,31,1
1892,8,1892.6,169,14.6,31,1
1892,9,1892.7,104.7,11.5,30,1
1892,10,1892.8,117.5,12.2,31,1
1892,11,1892.9,108.9,11.7,30,1
1892,12,1893,131,12.9,31,1
1893,1,1893,125,10,31,1
1893,2,1893.1,121.6,9.8,28,1
1893,3,1893.2,109.5,9.3,31,1
1893,4,1893.3,146.8,10.8,30,1
1893,5,1893.4,141.3,10.6,31,1
1893,6,1893.5,149.8,10.9,30,1
1893,7,1893.5,147.6,10.9,31,1
1893,8,1893.6,215.4,13.1,31,1
1893,9,1893.7,129.9,10.2,30,1
1893,10,1893.8,133.3,10.3,31,1
1893,11,1893.9,125.2,10,30,1
1893,12,1894,156.4,11.2,31,1
1894,1,1894,138.6,10.5,31,1
1894,2,1894.1,141,10.6,28,1
1894,3,1894.2,87.1,8.3,31,1
1894,4,1894.3,136,10.4,30,1
1894,5,1894.4,168.7,11.6,31,1
1894,6,1894.5,164.8,11.5,30,1
1894,7,1894.5,176.7,11.9,31,1
1894,8,1894.6,117.1,9.6,31,1
1894,9,1894.7,110,9.4,30,1
1894,10,1894.8,125.7,10,31,1
1894,11,1894.9,94.3,8.7,30,1
1894,12,1895,100.1,8.9,31,1
1895,1,1895,105.4,9.2,31,1
1895,2,1895.1,112,9.4,28,1
1895,3,1895.2,101.6,9,31,1
1895,4,1895.3,128.2,10.1,30,1
1895,5,1895.4,112.5,9.4,31,1
1895,6,1895.5,119.1,9.7,30,1
1895,7,1895.5,79.7,8,31,1
1895,8,1895.6,114.9,9.6,31,1
1895,9,1895.7,96.1,8.8,30,1
1895,10,1895.8,113.2,9.5,31,1
1895,11,1895.9,78.6,7.9,30,1
1895,12,1896,117.9,9.7,31,1
1896,1,1896,48.4,6.2,31,1
1896,2,1896.1,95.7,8.7,29,1
1896,3,1896.2,86.5,8.3,31,1
1896,4,1896.3,73,7.6,30,1
1896,5,1896.4,46.1,6.1,31,1
1896,6,1896.5,81.7,8.1,30,1
1896,7,1896.5,75.2,7.7,31,1
1896,8,1896.6,45.4,6,31,1
1896,9,1896.7,102.2,9,30,1
1896,10,1896.8,47.9,6.2,31,1
1896,11,1896.9,63.3,7.1,30,1
1896,12,1897,71,7.5,31,1
1897,1,1897,67.6,7.3,31,1
1897,2,1897.1,49,6.2,28,1
1897,3,1897.2,48.7,6.2,31,1
1897,4,1897.3,51.7,6.4,30,1
1897,5,1897.4,33.3,5.2,31,1
1897,6,1897.5,18.9,4,30,1
1897,7,1897.5,46.1,6.1,31,1
1897,8,1897.6,36.4,5.4,31,1
1897,9,1897.7,80.4,8,30,1
1897,10,1897.8,23.9,4.5,31,1
1897,11,1897.9,14,3.5,30,1
1897,12,1898,55.5,6.7,31,1
1898,1,1898,50.4,6.3,31,1
1898,2,1898.1,60.7,7,28,1
1898,3,1898.2,63.9,7.2,31,1
1898,4,1898.3,24.2,4.5,30,1
1898,5,1898.4,43,5.9,31,1
1898,6,1898.5,37.1,5.4,30,1
1898,7,1898.5,15,3.7,31,1
1898,8,1898.6,52.3,6.5,31,1
1898,9,1898.7,58.1,6.8,30,1
1898,10,1898.8,57.1,6.8,31,1
1898,11,1898.9,51.6,6.4,30,1
1898,12,1899,21.1,4.2,31,1
1899,1,1899,32.4,5.1,31,1
1899,2,1899.1,15.3,3.7,28,1
1899,3,1899.2,30.3,5,31,1
1899,4,1899.3,23.6,4.4,30,1
1899,5,1899.4,12.9,3.3,31,1
1899,6,1899.5,34.1,5.2,30,1
1899,7,1899.5,22.5,4.4,31,1
1899,8,1899.6,4.9,2.6,31,1
1899,9,1899.7,14,3.5,30,1
1899,10,1899.8,21.7,4.4,31,1
1899,11,1899.9,13,3.4,30,1
1899,12,1900,17.6,3.9,31,1
1900,1,1900,15.7,3.7,31,1
1900,2,1900.1,22.8,4.5,28,1
1900,3,1900.2,14.4,3.6,31,1
1900,4,1900.3,26.8,4.6,30,1
1900,5,1900.4,25.3,4.6,31,1
1900,6,1900.5,20.1,4.2,30,1
1900,7,1900.5,13.9,3.6,31,1
1900,8,1900.6,7.1,2.9,31,1
1900,9,1900.7,13.9,3.6,30,1
1900,10,1900.8,21.6,4.3,31,1
1900,11,1900.9,7.5,2.9,30,1
1900,12,1901,0.5,2,31,1
1901,1,1901,0.4,2,31,1
1901,2,1901.1,4,2.4,28,1
1901,3,1901.2,7.4,3,31,1
1901,4,1901.3,0,2,30,1
1901,5,1901.4,17,4,31,1
1901,6,1901.5,9.7,3.1,30,1
1901,7,1901.5,1.2,2.1,31,1
1901,8,1901.6,1.7,2.2,31,1
1901,9,1901.7,0.9,2.1,30,1
1901,10,1901.8,6.3,2.8,31,1
1901,11,1901.9,6.4,2.7,30,1
1901,12,1902,0,2,31,1
1902,1,1902,9.3,3.2,31,1
1902,2,1902.1,0,2,28,1
1902,3,1902.2,20.7,4.3,31,1
1902,4,1902.3,0,2,30,1
1902,5,1902.4,4.7,2.5,31,1
1902,6,1902.5,2.4,2.3,30,1
1902,7,1902.5,1.5,2.2,31,1
1902,8,1902.6,3.8,2.4,31,1
1902,9,1902.7,12.6,3.5,30,1
1902,10,1902.8,27.2,4.7,31,1
1902,11,1902.9,17.2,4,30,1
1902,12,1903,1.8,2.2,31,1
1903,1,1903,13.9,3.5,31,1
1903,2,1903.1,28.4,4.8,28,1
1903,3,1903.2,22.5,4.4,31,1
1903,4,1903.3,43.5,5.9,30,1
1903,5,1903.4,24.3,4.5,31,1
1903,6,1903.5,27.2,4.7,30,1
1903,7,1903.5,46.4,6.1,31,1
1903,8,1903.6,48,6.2,31,1
1903,9,1903.7,18.5,4,30,1
1903,10,1903.8,64.8,7.2,31,1
1903,11,1903.9,74.2,7.7,30,1
1903,12,1904,76.2,7.8,31,1
1904,1,1904,52.6,6.5,31,1
1904,2,1904.1,40.8,5.7,29,1
1904,3,1904.2,61.9,7,31,1
1904,4,1904.3,71.6,7.6,30,1
1904,5,1904.4,65.7,7.2,31,1
1904,6,1904.5,69.8,7.5,30,1
1904,7,1904.5,84.3,8.2,31,1
1904,8,1904.6,97.1,8.8,31,1
1904,9,1904.7,50.2,6.3,30,1
1904,10,1904.8,90.4,8.5,31,1
1904,11,1904.9,63.4,7.1,30,1
1904,12,1905,91.1,8.5,31,1
1905,1,1905,91.2,8.5,31,1
1905,2,1905.1,143,10.7,28,1
1905,3,1905.2,94.3,8.7,31,1
1905,4,1905.3,65.5,7.2,30,1
1905,5,1905.4,79.9,8,31,1
1905,6,1905.5,81.6,8.1,30,1
1905,7,1905.5,121.6,9.8,31,1
1905,8,1905.6,98.1,8.8,31,1
1905,9,1905.7,91.8,8.5,30,1
1905,10,1905.8,131.2,10.2,31,1
1905,11,1905.9,178.7,11.9,30,1
1905,12,1906,92.5,8.6,31,1
1906,1,1906,75.8,7.8,31,1
1906,2,1906.1,52.3,6.5,28,1
1906,3,1906.2,107.4,9.2,31,1
1906,4,1906.3,92.2,8.6,30,1
1906,5,1906.4,96.2,8.7,31,1
1906,6,1906.5,105.3,9.2,30,1
1906,7,1906.5,172.7,11.7,31,1
1906,8,1906.6,79.6,8,31,1
1906,9,1906.7,93.5,8.6,30,1
1906,10,1906.8,29.7,4.9,31,1
1906,11,1906.9,64.8,7.2,30,1
1906,12,1907,108,9.3,31,1
1907,1,1907,127.4,10.1,31,1
1907,2,1907.1,180.3,12,28,1
1907,3,1907.2,101.1,9,31,1
1907,4,1907.3,87.6,8.4,30,1
1907,5,1907.4,71.4,7.5,31,1
1907,6,1907.5,67.2,7.3,30,1
1907,7,1907.5,82.9,8.1,31,1
1907,8,1907.6,90.5,8.5,31,1
1907,9,1907.7,141.7,10.6,30,1
1907,10,1907.8,109.1,9.3,31,1
1907,11,1907.9,102.5,9,30,1
1907,12,1908,78.9,7.9,31,1
1908,1,1908,65.4,7.2,31,1
1908,2,1908.1,56.6,6.7,29,1
1908,3,1908.2,47.9,6.2,31,1
1908,4,1908.3,96.1,8.7,30,1
1908,5,1908.4,68,7.4,31,1
1908,6,1908.5,80.2,8,30,1
1908,7,1908.5,65.8,7.2,31,1
1908,8,1908.6,150.9,11,31,1
1908,9,1908.7,144.9,10.7,30,1
1908,10,1908.8,53.9,6.6,31,1
1908,11,1908.9,75.9,7.8,30,1
1908,12,1909,65.9,7.2,31,1
1909,1,1909,94.6,8.7,31,1
1909,2,1909.1,77.6,7.9,28,1
1909,3,1909.2,110.5,9.4,31,1
1909,4,1909.3,53.7,6.5,30,1
1909,5,1909.4,60,6.9,31,1
1909,6,1909.5,37.8,5.5,30,1
1909,7,1909.5,59.6,6.9,31,1
1909,8,1909.6,38.5,5.5,31,1
1909,9,1909.7,64.7,7.2,30,1
1909,10,1909.8,97.4,8.8,31,1
1909,11,1909.9,93,8.6,30,1
1909,12,1910,90.2,8.5,31,1
1910,1,1910,44,5.9,31,1
1910,2,1910.1,52.5,6.5,28,1
1910,3,1910.2,35.7,5.3,31,1
1910,4,1910.3,14.1,3.5,30,1
1910,5,1910.4,36.9,5.4,31,1
1910,6,1910.5,20.5,4.1,30,1
1910,7,1910.5,23.5,4.4,31,1
1910,8,1910.6,19.3,4.1,31,1
1910,9,1910.7,43.7,5.9,30,1
1910,10,1910.8,63.9,7.1,31,1
1910,11,1910.9,8.3,3,30,1
1910,12,1911,9.6,3.1,31,1
1911,1,1911,5.6,2.6,31,1
1911,2,1911.1,15,3.7,28,1
1911,3,1911.2,13,3.5,31,1
1911,4,1911.3,27.6,4.7,30,1
1911,5,1911.4,15.1,3.7,31,1
1911,6,1911.5,3.7,2.4,30,1
1911,7,1911.5,5.9,2.7,31,1
1911,8,1911.6,6.7,2.7,31,1
1911,9,1911.7,6.7,2.8,30,1
1911,10,1911.8,4.5,2.5,31,1
1911,11,1911.9,7,2.7,30,1
1911,12,1912,3.7,2.4,31,1
1912,1,1912,0.4,2.1,31,1
1912,2,1912.1,0,2,29,1
1912,3,1912.2,8.2,2.9,31,1
1912,4,1912.3,7.6,3,30,1
1912,5,1912.4,7.4,2.8,31,1
1912,6,1912.5,6.9,2.7,30,1
1912,7,1912.5,4.9,2.6,31,1
1912,8,1912.6,0.5,2.1,31,1
1912,9,1912.7,15.9,3.7,30,1
1912,10,1912.8,7.6,3,31,1
1912,11,1912.9,1.9,2.3,30,1
1912,12,1913,10.6,3.3,31,1
1913,1,1913,3.8,2.4,31,1
1913,2,1913.1,4.8,2.6,28,1
1913,3,1913.2,0.8,2.1,31,1
1913,4,1913.3,1.6,2.2,30,1
1913,5,1913.4,0,2,31,1
1913,6,1913.5,0,2,30,1
1913,7,1913.5,2.9,2.4,31,1
1913,8,1913.6,0.4,2,31,1
1913,9,1913.7,2,2.3,30,1
1913,10,1913.8,5.2,2.6,31,1
1913,11,1913.9,1.2,2.1,30,1
1913,12,1914,6.3,2.8,31,1
1914,1,1914,4.7,2.6,31,1
1914,2,1914.1,4.4,2.5,28,1
1914,3,1914.2,5.3,2.6,31,1
1914,4,1914.3,28.9,4.8,30,1
1914,5,1914.4,8.7,3.1,31,1
1914,6,1914.5,19.1,4.1,30,1
1914,7,1914.5,9.1,3,31,1
1914,8,1914.6,12.9,3.5,31,1
1914,9,1914.7,21.2,4.2,30,1
1914,10,1914.8,13.7,3.5,31,1
1914,11,1914.9,27.3,4.7,30,1
1914,12,1915,37.3,5.4,31,1
1915,1,1915,38.5,5.5,31,1
1915,2,1915.1,70.4,7.5,28,1
1915,3,1915.2,64.8,7.2,31,1
1915,4,1915.3,68.9,7.4,30,1
1915,5,1915.4,55.1,6.7,31,1
1915,6,1915.5,114.7,9.5,30,1
1915,7,1915.5,119.4,9.7,31,1
1915,8,1915.6,116,9.6,31,1
1915,9,1915.7,82.4,8.1,30,1
1915,10,1915.8,89.1,8.4,31,1
1915,11,1915.9,70.9,7.5,30,1
1915,12,1916,57.5,6.8,31,1
1916,1,1916,75.5,7.8,31,1
1916,2,1916.1,92.4,8.6,29,1
1916,3,1916.2,111.7,9.4,31,1
1916,4,1916.3,119.8,9.8,30,1
1916,5,1916.4,124,9.9,31,1
1916,6,1916.5,112.9,9.5,30,1
1916,7,1916.5,89.3,8.4,31,1
1916,8,1916.6,58.6,6.9,31,1
1916,9,1916.7,75.1,7.7,30,1
1916,10,1916.8,84.5,8.2,31,1
1916,11,1916.9,109.5,9.3,30,1
1916,12,1917,88.3,8.4,31,1
1917,1,1917,124.5,10,31,1
1917,2,1917.1,119.9,9.8,28,1
1917,3,1917.2,158,11.2,31,1
1917,4,1917.3,124.6,10,30,1
1917,5,1917.4,190.2,12.3,31,1
1917,6,1917.5,191.4,12.3,30,1
1917,7,1917.5,199.7,12.6,31,1
1917,8,1917.6,257.7,14.3,31,1
1917,9,1917.7,215.6,13.1,30,1
1917,10,1917.8,120.3,9.8,31,1
1917,11,1917.9,160.7,11.3,30,1
1917,12,1918,215.5,13.1,31,1
1918,1,1918,160,11.3,31,1
1918,2,1918.1,108.7,9.3,28,1
1918,3,1918.2,120.4,9.8,31,1
1918,4,1918.3,134.1,10.3,30,1
1918,5,1918.4,127.9,10.1,31,1
1918,6,1918.5,99,8.9,30,1
1918,7,1918.5,179.5,11.9,31,1
1918,8,1918.6,169.6,11.6,31,1
1918,9,1918.7,133.2,10.3,30,1
1918,10,1918.8,141.7,10.6,31,1
1918,11,1918.9,139,10.5,30,1
1918,12,1919,98.5,8.9,31,1
1919,1,1919,80.2,8,31,1
1919,2,1919.1,132.5,10.3,28,1
1919,3,1919.2,110.9,9.4,31,1
1919,4,1919.3,86.3,8.3,30,1
1919,5,1919.4,146.9,10.8,31,1
1919,6,1919.5,185.3,12.1,30,1
1919,7,1919.5,107.8,9.3,31,1
1919,8,1919.6,115.1,9.6,31,1
1919,9,1919.7,91.1,8.5,30,1
1919,10,1919.8,88,8.4,31,1
1919,11,1919.9,69.9,7.5,30,1
1919,12,1920,58,6.8,31,1
1920,1,1920,85.3,8.2,31,1
1920,2,1920.1,89.8,8.5,29,1
1920,3,1920.2,116.9,9.6,31,1
1920,4,1920.3,24.7,4.5,30,1
1920,5,1920.4,55.4,6.6,31,1
1920,6,1920.5,64.6,7.2,30,1
1920,7,1920.5,45.7,6,31,1
1920,8,1920.6,31.9,5.1,31,1
1920,9,1920.7,60.5,7,30,1
1920,10,1920.8,82.7,8.1,31,1
1920,11,1920.9,45.3,6,30,1
1920,12,1921,49.8,6.3,31,1
1921,1,1921,52.5,6.5,31,1
1921,2,1921.1,47.1,6.1,28,1
1921,3,1921.2,44.5,6,31,1
1921,4,1921.3,54,6.6,30,1
1921,5,1921.4,37,5.5,31,1
1921,6,1921.5,56.2,6.7,30,1
1921,7,1921.5,69.7,7.4,31,1
1921,8,1921.6,38,5.5,31,1
1921,9,1921.7,29.6,4.9,30,1
1921,10,1921.8,30.3,5,31,1
1921,11,1921.9,29.6,5,30,1
1921,12,1922,33.9,5.3,31,1
1922,1,1922,19.7,4.1,31,1
1922,2,1922.1,43.9,6,28,1
1922,3,1922.2,91.3,8.5,31,1
1922,4,1922.3,18.3,4,30,1
1922,5,1922.4,13.4,3.5,31,1
1922,6,1922.5,9.8,3.1,30,1
1922,7,1922.5,18.3,4,31,1
1922,8,1922.6,10.9,3.3,31,1
1922,9,1922.7,7.8,2.8,30,1
1922,10,1922.8,10.4,3.2,31,1
1922,11,1922.9,12.2,3.3,30,1
1922,12,1923,29,5,31,1
1923,1,1923,7.5,3,31,1
1923,2,1923.1,2.5,2.3,28,1
1923,3,1923.2,5.5,2.6,31,1
1923,4,1923.3,10.2,3.1,30,1
1923,5,1923.4,5.3,2.6,31,1
1923,6,1923.5,15.3,3.7,30,1
1923,7,1923.5,5.9,2.7,31,1
1923,8,1923.6,0.8,2.1,31,1
1923,9,1923.7,22.1,4.2,30,1
1923,10,1923.8,19.5,4,31,1
1923,11,1923.9,16.7,3.8,30,1
1923,12,1924,4.6,2.6,31,1
1924,1,1924,0.8,2.1,31,1
1924,2,1924.1,8.5,3.1,29,1
1924,3,1924.2,3,2.4,31,1
1924,4,1924.3,18.9,4.2,30,1
1924,5,1924.4,34.6,5.3,31,1
1924,6,1924.5,40,5.6,30,1
1924,7,1924.5,46.9,6.1,31,1
1924,8,1924.6,32.1,5.1,31,1
1924,9,1924.7,41.9,5.8,30,1
1924,10,1924.8,42.6,5.8,31,1
1924,11,1924.9,37.5,5.6,30,1
1924,12,1925,27.5,4.8,31,1
1925,1,1925,9.1,3.1,31,1
1925,2,1925.1,38.6,5.6,28,1
1925,3,1925.2,30,5,31,1
1925,4,1925.3,53,6.5,30,1
1925,5,1925.4,71.4,7.5,31,1
1925,6,1925.5,79.1,7.9,30,1
1925,7,1925.5,64.2,7.2,31,1
1925,8,1925.6,63.3,7.1,31,1
1925,9,1925.7,100.3,8.9,30,1
1925,10,1925.8,115.3,9.6,31,1
1925,11,1925.9,97.6,8.8,30,1
1925,12,1926,164.4,11.4,31,1
1926,1,1926,119.7,9.8,31,1
1926,2,1926.1,116.4,9.6,28,1
1926,3,1926.2,104.2,9.1,31,1
1926,4,1926.3,64.2,7.2,30,1
1926,5,1926.4,107,9.2,31,1
1926,6,1926.5,122.4,9.9,30,1
1926,7,1926.5,87.2,8.3,31,1
1926,8,1926.6,102.7,9,31,1
1926,9,1926.7,101.4,9,30,1
1926,10,1926.8,119.3,9.7,31,1
1926,11,1926.9,100.8,9,30,1
1926,12,1927,132.4,10.3,31,1
1927,1,1927,136,10.4,31,1
1927,2,1927.1,155.1,11.1,28,1
1927,3,1927.2,116.1,9.6,31,1
1927,4,1927.3,155.8,11.1,30,1
1927,5,1927.4,131.9,10.2,31,1
1927,6,1927.5,98.5,8.8,30,1
1927,7,1927.5,91.6,8.5,31,1
1927,8,1927.6,89.6,8.4,31,1
1927,9,1927.7,114.1,9.5,30,1
1927,10,1927.8,105.2,9.1,31,1
1927,11,1927.9,112.1,9.4,30,1
1927,12,1928,75.3,7.7,31,1
1928,1,1928,139.2,10.5,31,1
1928,2,1928.1,122.4,9.9,29,1
1928,3,1928.2,142.4,10.7,31,1
1928,4,1928.3,134.3,10.3,30,1
1928,5,1928.4,128.3,10.1,31,1
1928,6,1928.5,152.4,11,30,1
1928,7,1928.5,163.4,11.4,31,1
1928,8,1928.6,139.6,10.5,31,1
1928,9,1928.7,149.6,10.9,30,1
1928,10,1928.8,102.3,9,31,1
1928,11,1928.9,83.9,8.2,30,1
1928,12,1929,98.3,8.8,31,1
1929,1,1929,114.8,9.6,31,1
1929,2,1929.1,104.7,9.1,28,1
1929,3,1929.2,83.8,8.2,31,1
1929,4,1929.3,87.9,8.4,30,1
1929,5,1929.4,97,8.8,31,1
1929,6,1929.5,119.9,9.8,30,1
1929,7,1929.5,117.1,9.6,31,1
1929,8,1929.6,109.6,9.3,31,1
1929,9,1929.7,57.3,6.8,30,1
1929,10,1929.8,90.1,8.5,31,1
1929,11,1929.9,135.1,10.4,30,1
1929,12,1930,179.9,12,31,1
1930,1,1930,108.8,9.3,31,1
1930,2,1930.1,83.1,8.1,28,1
1930,3,1930.2,58.4,6.8,31,1
1930,4,1930.3,63.7,7.1,30,1
1930,5,1930.4,61.4,7,31,1
1930,6,1930.5,48,6.2,30,1
1930,7,1930.5,36.5,5.4,31,1
1930,8,1930.6,41.5,5.7,31,1
1930,9,1930.7,53.5,6.5,30,1
1930,10,1930.8,57.2,6.8,31,1
1930,11,1930.9,59.4,6.9,30,1
1930,12,1931,43,5.9,31,1
1931,1,1931,24.4,4.5,31,1
1931,2,1931.1,71.8,7.6,28,1
1931,3,1931.2,50.1,6.3,31,1
1931,4,1931.3,52,6.4,30,1
1931,5,1931.4,40.8,5.7,31,1
1931,6,1931.5,25.5,4.7,30,1
1931,7,1931.5,29,4.8,31,1
1931,8,1931.6,21.6,4.3,31,1
1931,9,1931.7,31.7,5,30,1
1931,10,1931.8,16.6,3.7,31,1
1931,11,1931.9,31.2,5.1,30,1
1931,12,1932,29.7,4.9,31,1
1932,1,1932,20.1,4.1,31,1
1932,2,1932.1,17.6,3.9,29,1
1932,3,1932.2,18.8,4,31,1
1932,4,1932.3,18.7,4.1,30,1
1932,5,1932.4,29.7,4.9,31,1
1932,6,1932.5,36.9,5.4,30,1
1932,7,1932.5,16,3.8,31,1
1932,8,1932.6,11.3,3.3,31,1
1932,9,1932.7,6.6,2.7,30,1
1932,10,1932.8,14.8,3.5,31,1
1932,11,1932.9,13.7,3.5,30,1
1932,12,1933,18.5,3.9,31,1
1933,1,1933,20.4,4.2,31,1
1933,2,1933.1,36.9,5.6,28,1
1933,3,1933.2,16.8,3.8,31,1
1933,4,1933.3,4.9,2.6,30,1
1933,5,1933.4,5.3,2.6,31,1
1933,6,1933.5,8.7,3,30,1
1933,7,1933.5,4.7,2.6,31,1
1933,8,1933.6,0.4,2,31,1
1933,9,1933.7,8.5,3,30,1
1933,10,1933.8,5,2.6,31,1
1933,11,1933.9,1,2.1,30,1
1933,12,1934,0.4,2.1,31,1
1934,1,1934,5.7,2.7,31,1
1934,2,1934.1,12.9,3.4,28,1
1934,3,1934.2,7.2,2.8,31,1
1934,4,1934.3,18.8,4,30,1
1934,5,1934.4,32.9,5.2,31,1
1934,6,1934.5,11.2,3.3,30,1
1934,7,1934.5,15.3,3.7,31,1
1934,8,1934.6,13.9,3.6,31,1
1934,9,1934.7,6.7,2.8,30,1
1934,10,1934.8,9.5,3,31,1
1934,11,1934.9,14.5,3.6,30,1
1934,12,1935,25.7,4.7,31,1
1935,1,1935,31.1,5,31,1
1935,2,1935.1,34.1,5.2,28,1
1935,3,1935.2,38.5,5.6,31,1
1935,4,1935.3,20.4,4.2,30,1
1935,5,1935.4,45.4,6.1,31,1
1935,6,1935.5,76.2,7.8,30,1
1935,7,1935.5,56.5,6.7,31,1
1935,8,1935.6,50.2,6.3,31,1
1935,9,1935.7,70.1,7.5,30,1
1935,10,1935.8,88.7,8.4,31,1
1935,11,1935.9,107,9.2,30,1
1935,12,1936,102.5,9,31,1
1936,1,1936,104.7,9.1,31,1
1936,2,1936.1,123.9,9.9,29,1
1936,3,1936.2,128.4,10.1,31,1
1936,4,1936.3,124.8,10,30,1
1936,5,1936.4,90.9,8.5,31,1
1936,6,1936.5,116.7,9.6,30,1
1936,7,1936.5,87.2,8.3,31,1
1936,8,1936.6,145,10.7,31,1
1936,9,1936.7,126.7,10,30,1
1936,10,1936.8,148.2,10.9,31,1
1936,11,1936.9,192.3,12.4,30,1
1936,12,1937,205.6,12.8,31,1
1937,1,1937,220.9,13.3,31,1
1937,2,1937.1,214.1,13,28,1
1937,3,1937.2,139.7,10.5,31,1
1937,4,1937.3,182.2,12,30,1
1937,5,1937.4,194.4,12.4,31,1
1937,6,1937.5,217.1,13.1,30,1
1937,7,1937.5,241.8,13.9,31,1
1937,8,1937.6,229.5,13.5,31,1
1937,9,1937.7,167.9,11.6,30,1
1937,10,1937.8,208.2,12.9,31,1
1937,11,1937.9,123.9,9.9,30,1
1937,12,1938,147.9,10.8,31,1
1938,1,1938,164,11.4,31,1
1938,2,1938.1,198.6,12.6,28,1
1938,3,1938.2,144.2,10.7,31,1
1938,4,1938.3,168.4,11.6,30,1
1938,5,1938.4,212.3,13,31,1
1938,6,1938.5,162.6,11.4,30,1
1938,7,1938.5,275.6,14.8,31,1
1938,8,1938.6,192.8,12.4,31,1
1938,9,1938.7,149.3,10.9,30,1
1938,10,1938.8,165.3,11.5,31,1
1938,11,1938.9,203.6,12.7,30,1
1938,12,1939,154.7,11.1,31,1
1939,1,1939,133.9,10.3,31,1
1939,2,1939.1,129,10.1,28,1
1939,3,1939.2,107.8,9.3,31,1
1939,4,1939.3,181.9,12,30,1
1939,5,1939.4,197.3,12.5,31,1
1939,6,1939.5,168.3,11.6,30,1
1939,7,1939.5,162.6,11.4,31,1
1939,8,1939.6,176.3,11.8,31,1
1939,9,1939.7,187.7,12.2,30,1
1939,10,1939.8,146.9,10.8,31,1
1939,11,1939.9,113.7,9.5,30,1
1939,12,1940,70.2,7.5,31,1
1940,1,1940,84.1,8.2,31,1
1940,2,1940.1,99.1,8.9,29,1
1940,3,1940.2,138.9,10.5,31,1
1940,4,1940.3,101.1,9,30,1
1940,5,1940.4,90.6,8.5,31,1
1940,6,1940.5,139.8,10.5,30,1
1940,7,1940.5,112.5,9.5,31,1
1940,8,1940.6,175.9,11.8,31,1
1940,9,1940.7,110.8,9.4,30,1
1940,10,1940.8,91.5,8.5,31,1
1940,11,1940.9,97.4,8.8,30,1
1940,12,1941,113.8,9.5,31,1
1941,1,1941,76.1,7.8,31,1
1941,2,1941.1,74.3,7.7,28,1
1941,3,1941.2,77.5,7.8,31,1
1941,4,1941.3,54.6,6.6,30,1
1941,5,1941.4,49,6.3,31,1
1941,6,1941.5,99.6,8.9,30,1
1941,7,1941.5,111.4,9.4,31,1
1941,8,1941.6,100.1,8.9,31,1
1941,9,1941.7,109.8,9.4,30,1
1941,10,1941.8,77.2,7.8,31,1
1941,11,1941.9,64,7.2,30,1
1941,12,1942,56.2,6.7,31,1
1942,1,1942,59.5,6.9,31,1
1942,2,1942.1,87.9,8.4,28,1
1942,3,1942.2,90.4,8.5,31,1
1942,4,1942.3,101.2,9,30,1
1942,5,1942.4,41.8,5.8,31,1
1942,6,1942.5,18.9,4,30,1
1942,7,1942.5,29.6,4.9,31,1
1942,8,1942.6,33.7,5.2,31,1
1942,9,1942.7,28.7,4.8,30,1
1942,10,1942.8,32,5.1,31,1
1942,11,1942.9,51.3,6.4,30,1
1942,12,1943,37.6,5.5,31,1
1943,1,1943,20.7,4.1,31,1
1943,2,1943.1,48.1,6.2,28,1
1943,3,1943.2,45.7,6,31,1
1943,4,1943.3,43.5,5.9,30,1
1943,5,1943.4,23.6,4.3,31,1
1943,6,1943.5,12.7,3.4,30,1
1943,7,1943.5,22,4.3,31,1
1943,8,1943.6,32.3,5.1,31,1
1943,9,1943.7,16.7,3.9,30,1
1943,10,1943.8,13,3.4,31,1
1943,11,1943.9,17,3.9,30,1
1943,12,1944,31.4,5.1,31,1
1944,1,1944,6.1,2.7,31,1
1944,2,1944.1,0.8,2.1,29,1
1944,3,1944.2,18.3,4,31,1
1944,4,1944.3,0.4,2.1,30,1
1944,5,1944.4,4.1,2.6,31,1
1944,6,1944.5,8.2,2.8,30,1
1944,7,1944.5,8.5,2.9,31,1
1944,8,1944.6,27.9,4.8,31,1
1944,9,1944.7,23.7,4.4,30,1
1944,10,1944.8,28.1,4.8,31,1
1944,11,1944.9,17.9,3.9,30,1
1944,12,1945,47.4,6.2,31,1
1945,1,1945,30.8,5,31,1
1945,2,1945.1,21.2,4.2,28,1
1945,3,1945.2,35.9,5.4,31,1
1945,4,1945.3,53.4,6.5,30,1
1945,5,1945.4,51,6.4,31,1
1945,6,1945.5,60.2,6.9,30,1
1945,7,1945.5,71,7.5,31,1
1945,8,1945.6,43.1,5.9,31,1
1945,9,1945.7,58.1,6.8,30,1
1945,10,1945.8,114.5,9.5,31,1
1945,11,1945.9,76.6,7.8,30,1
1945,12,1946,45.7,6,31,1
1946,1,1946,79.3,7.9,31,1
1946,2,1946.1,143.8,10.7,28,1
1946,3,1946.2,127.7,10.1,31,1
1946,4,1946.3,126.1,10,30,1
1946,5,1946.4,141.6,10.6,31,1
1946,6,1946.5,122.6,9.9,30,1
1946,7,1946.5,193.7,12.4,31,1
1946,8,1946.6,178.7,11.9,31,1
1946,9,1946.7,157.4,11.2,30,1
1946,10,1946.8,170.5,11.6,31,1
1946,11,1946.9,206.3,12.8,30,1
1946,12,1947,202.9,12.7,31,1
1947,1,1947,163.7,8.5,31,1
1947,2,1947.1,188.9,9.2,28,1
1947,3,1947.2,183.8,9.1,31,1
1947,4,1947.3,212.1,9.7,30,1
1947,5,1947.4,285,11.3,31,1
1947,6,1947.5,232.1,10.2,30,1
1947,7,1947.5,223.5,10,31,1
1947,8,1947.6,267.4,10.9,31,1
1947,9,1947.7,239.9,10.4,30,1
1947,10,1947.8,231.7,10.2,31,1
1947,11,1947.9,181.3,9,30,1
1947,12,1948,164.9,8.6,31,1
1948,1,1948,153.6,8.3,31,1
1948,2,1948.1,122,7.4,29,1
1948,3,1948.2,134.3,7.7,31,1
1948,4,1948.3,268.5,11,30,1
1948,5,1948.4,246.4,10.5,31,1
1948,6,1948.5,237.5,10.3,30,1
1948,7,1948.5,201.4,9.5,31,1
1948,8,1948.6,223.7,10,31,1
1948,9,1948.7,202.9,9.5,30,1
1948,10,1948.8,192.9,9.3,31,1
1948,11,1948.9,135.6,7.8,30,1
1948,12,1949,195.3,9.3,31,1
1949,1,1949,168.6,8.7,31,1
1949,2,1949.1,258,10.8,28,1
1949,3,1949.2,223,10,31,1
1949,4,1949.3,208.1,9.7,30,1
1949,5,1949.4,150.4,8.2,31,1
1949,6,1949.5,172.4,8.8,30,1
1949,7,1949.5,178.3,8.9,31,1
1949,8,1949.6,175.3,8.9,31,1
1949,9,1949.7,205.8,9.6,30,1
1949,10,1949.8,186.3,9.1,31,1
1949,11,1949.9,203.2,9.5,30,1
1949,12,1950,166.6,8.6,31,1
1950,1,1950,143.9,8,31,1
1950,2,1950.1,134.3,7.7,28,1
1950,3,1950.2,155.4,8.3,31,1
1950,4,1950.3,160.6,8.5,30,1
1950,5,1950.4,150.5,8.2,31,1
1950,6,1950.5,118.3,7.3,30,1
1950,7,1950.5,128.9,7.6,31,1
1950,8,1950.6,120.6,7.3,31,1
1950,9,1950.7,72.7,5.7,30,1
1950,10,1950.8,87,6.2,31,1
1950,11,1950.9,77.7,5.9,30,1
1950,12,1951,76.7,5.9,31,1
1951,1,1951,85,6.2,31,1
1951,2,1951.1,84.8,6.1,28,1
1951,3,1951.2,79.3,5.9,31,1
1951,4,1951.3,131.7,7.7,30,1
1951,5,1951.4,153.7,8.3,31,1
1951,6,1951.5,142.4,8,30,1
1951,7,1951.5,87.2,6.2,31,1
1951,8,1951.6,86.5,6.2,31,1
1951,9,1951.7,117.7,7.2,30,1
1951,10,1951.8,73.3,5.7,31,1
1951,11,1951.9,74.2,5.7,30,1
1951,12,1952,65,5.4,31,1
1952,1,1952,57.9,5.1,31,1
1952,2,1952.1,32.4,3.8,29,1
1952,3,1952.2,31.5,3.8,31,1
1952,4,1952.3,41.7,4.3,30,1
1952,5,1952.4,33.6,3.9,31,1
1952,6,1952.5,52,4.8,30,1
1952,7,1952.5,56.1,5,31,1
1952,8,1952.6,77.8,5.9,31,1
1952,9,1952.7,40.4,4.3,30,1
1952,10,1952.8,34.2,3.9,31,1
1952,11,1952.9,31.8,3.8,30,1
1952,12,1953,48.9,4.7,31,1
1953,1,1953,37.9,4.1,31,1
1953,2,1953.1,5.9,1.7,28,1
1953,3,1953.2,14.7,2.6,31,1
1953,4,1953.3,39.6,4.2,30,1
1953,5,1953.4,18.3,2.9,31,1
1953,6,1953.5,31.5,3.8,30,1
1953,7,1953.5,12.7,2.4,31,1
1953,8,1953.6,33.6,3.9,31,1
1953,9,1953.7,28,3.6,30,1
1953,10,1953.8,12.3,2.4,31,1
1953,11,1953.9,2.5,1.1,30,1
1953,12,1954,3.9,1.3,31,1
1954,1,1954,0.4,0.4,31,1
1954,2,1954.1,0.8,0.6,28,1
1954,3,1954.2,15.8,2.7,31,1
1954,4,1954.3,2.7,1.1,30,1
1954,5,1954.4,1.2,0.7,31,1
1954,6,1954.5,0.4,0.4,30,1
1954,7,1954.5,7.3,1.9,31,1
1954,8,1954.6,12.6,2.4,31,1
1954,9,1954.7,2.3,1,30,1
1954,10,1954.8,10.5,2.2,31,1
1954,11,1954.9,13.4,2.5,30,1
1954,12,1955,11.3,2.3,31,1
1955,1,1955,33.4,3.9,31,1
1955,2,1955.1,29.9,3.7,28,1
1955,3,1955.2,7.3,1.9,31,1
1955,4,1955.3,16.4,2.7,30,1
1955,5,1955.4,41.3,4.3,31,1
1955,6,1955.5,45.2,4.5,30,1
1955,7,1955.5,38.2,4.1,31,1
1955,8,1955.6,58,5.1,31,1
1955,9,1955.7,60.8,5.2,30,1
1955,10,1955.8,83,6.1,31,1
1955,11,1955.9,126.3,7.5,30,1
1955,12,1956,108.8,6.9,31,1
1956,1,1956,104.1,6.8,31,1
1956,2,1956.1,175.6,8.9,29,1
1956,3,1956.2,167.7,8.6,31,1
1956,4,1956.3,156.7,8.4,30,1
1956,5,1956.4,193.4,9.3,31,1
1956,6,1956.5,165.1,8.6,30,1
1956,7,1956.5,182.7,9,31,1
1956,8,1956.6,240.2,10.4,31,1
1956,9,1956.7,245.4,10.5,30,1
1956,10,1956.8,219.9,9.9,31,1
1956,11,1956.9,285,11.3,30,1
1956,12,1957,272,11,31,1
1957,1,1957,233.7,10.2,31,1
1957,2,1957.1,184.5,9.1,28,1
1957,3,1957.2,222.8,10,31,1
1957,4,1957.3,248,10.5,30,1
1957,5,1957.4,233,10.2,31,1
1957,6,1957.5,284.3,11.3,30,1
1957,7,1957.5,265.1,10.9,31,1
1957,8,1957.6,223.7,10,31,1
1957,9,1957.7,334,12.3,30,1
1957,10,1957.8,359.4,12.7,31,1
1957,11,1957.9,298.6,11.6,30,1
1957,12,1958,339,12.3,31,1
1958,1,1958,286.7,11.3,31,1
1958,2,1958.1,233.6,10.2,28,1
1958,3,1958.2,270,11,31,1
1958,4,1958.3,277.6,11.2,30,1
1958,5,1958.4,248.2,10.5,31,1
1958,6,1958.5,242.9,10.4,30,1
1958,7,1958.5,271,11,31,1
1958,8,1958.6,283.5,11.3,31,1
1958,9,1958.7,285.1,11.3,30,1
1958,10,1958.8,256.9,10.7,31,1
1958,11,1958.9,215.6,9.8,30,1
1958,12,1959,265.7,10.9,31,1
1959,1,1959,307.7,11.7,31,1
1959,2,1959.1,202.6,9.5,28,1
1959,3,1959.2,263,10.9,31,1
1959,4,1959.3,231.3,10.2,30,1
1959,5,1959.4,243.6,10.4,31,1
1959,6,1959.5,238.9,10.3,30,1
1959,7,1959.5,211.9,9.7,31,1
1959,8,1959.6,282.6,11.3,31,1
1959,9,1959.7,205.6,9.6,30,1
1959,10,1959.8,157.7,8.4,31,1
1959,11,1959.9,175.6,8.9,30,1
1959,12,1960,177.1,8.9,31,1
1960,1,1960,207.2,9.6,31,1
1960,2,1960.1,149.9,8.2,29,1
1960,3,1960.2,144.6,8,31,1
1960,4,1960.3,172.7,8.8,30,1
1960,5,1960.4,169.3,8.7,31,1
1960,6,1960.5,156,8.3,30,1
1960,7,1960.5,172.4,8.8,31,1
1960,8,1960.6,190,9.2,31,1
1960,9,1960.7,180.1,9,30,1
1960,10,1960.8,117.3,7.2,31,1
1960,11,1960.9,126.9,7.5,30,1
1960,12,1961,121.2,7.4,31,1
1961,1,1961,82.1,6,31,1
1961,2,1961.1,65.4,5.4,28,1
1961,3,1961.2,75.2,5.8,31,1
1961,4,1961.3,86.9,6.2,30,1
1961,5,1961.4,72.3,5.7,31,1
1961,6,1961.5,109.5,7,30,1
1961,7,1961.5,99.3,6.6,31,1
1961,8,1961.6,79.2,6,31,1
1961,9,1961.7,90.1,6.3,30,1
1961,10,1961.8,53.7,4.9,31,1
1961,11,1961.9,46.5,4.6,30,1
1961,12,1962,56.9,5,31,1
1962,1,1962,55.1,5,31,1
1962,2,1962.1,71.7,5.7,28,1
1962,3,1962.2,64.9,5.4,31,1
1962,4,1962.3,65.9,5.4,30,1
1962,5,1962.4,61.9,5.2,31,1
1962,6,1962.5,59.6,5.2,30,1
1962,7,1962.5,31.4,3.8,31,1
1962,8,1962.6,31.5,3.8,31,1
1962,9,1962.7,72.7,5.7,30,1
1962,10,1962.8,56.1,5,31,1
1962,11,1962.9,38.8,4.2,30,1
1962,12,1963,33.2,3.9,31,1
1963,1,1963,28.7,3.6,31,1
1963,2,1963.1,35.2,4,28,1
1963,3,1963.2,24.8,3.4,31,1
1963,4,1963.3,41.7,4.3,30,1
1963,5,1963.4,61.1,5.2,31,1
1963,6,1963.5,51.2,4.8,30,1
1963,7,1963.5,28.7,3.6,31,1
1963,8,1963.6,47.5,4.6,31,1
1963,9,1963.7,55.2,5,30,1
1963,10,1963.8,50.1,4.7,31,1
1963,11,1963.9,33.7,3.9,30,1
1963,12,1964,21.6,3.2,31,1
1964,1,1964,22.6,3.2,31,1
1964,2,1964.1,25.3,3.4,29,1
1964,3,1964.2,24.1,3.3,31,1
1964,4,1964.3,12.9,2.5,30,1
1964,5,1964.4,14.3,2.6,31,1
1964,6,1964.5,13.5,2.5,30,1
1964,7,1964.5,4.8,1.5,31,1
1964,8,1964.6,13.8,2.5,31,1
1964,9,1964.7,7,1.8,30,1
1964,10,1964.8,9.2,2.1,31,1
1964,11,1964.9,11.1,2.3,30,1
1964,12,1965,22.1,3.2,31,1
1965,1,1965,25.4,3.4,31,1
1965,2,1965.1,20.8,3.1,28,1
1965,3,1965.2,17.5,2.8,31,1
1965,4,1965.3,10.2,2.2,30,1
1965,5,1965.4,34.5,3.9,31,1
1965,6,1965.5,23.3,3.3,30,1
1965,7,1965.5,17.3,2.8,31,1
1965,8,1965.6,13.3,2.5,31,1
1965,9,1965.7,24.5,3.4,30,1
1965,10,1965.8,29.1,3.6,31,1
1965,11,1965.9,22.8,3.2,30,1
1965,12,1966,24.7,3.4,31,1
1966,1,1966,40.3,4.3,31,1
1966,2,1966.1,35.3,4,28,1
1966,3,1966.2,36.4,4,31,1
1966,4,1966.3,69,5.5,30,1
1966,5,1966.4,64.2,5.3,31,1
1966,6,1966.5,67.7,5.5,30,1
1966,7,1966.5,80.2,6,31,1
1966,8,1966.6,72.6,5.7,31,1
1966,9,1966.7,71.1,5.6,30,1
1966,10,1966.8,81.2,6,31,1
1966,11,1966.9,81,6,30,1
1966,12,1967,99.8,6.7,31,1
1967,1,1967,157,8.4,31,1
1967,2,1967.1,132.6,7.7,28,1
1967,3,1967.2,158.3,8.4,31,1
1967,4,1967.3,98.4,6.6,30,1
1967,5,1967.4,122.5,7.4,31,1
1967,6,1967.5,95.4,6.5,30,1
1967,7,1967.5,129.5,7.6,31,1
1967,8,1967.6,151.8,8.2,31,1
1967,9,1967.7,108.7,7,30,1
1967,10,1967.8,125,7.5,31,1
1967,11,1967.9,133.6,7.7,30,1
1967,12,1968,179,8.9,31,1
1968,1,1968,172.5,8.8,31,1
1968,2,1968.1,158.5,8.4,29,1
1968,3,1968.2,130.5,7.6,31,1
1968,4,1968.3,115,7.2,30,1
1968,5,1968.4,180,9,31,1
1968,6,1968.5,156.2,8.3,30,1
1968,7,1968.5,136.2,7.8,31,1
1968,8,1968.6,154.8,8.3,31,1
1968,9,1968.7,166,8.6,30,1
1968,10,1968.8,152.5,8.2,31,1
1968,11,1968.9,121.7,7.4,30,1
1968,12,1969,155.5,8.3,31,1
1969,1,1969,147.8,8.1,31,1
1969,2,1969.1,170.5,8.7,28,1
1969,3,1969.2,192.3,9.3,31,1
1969,4,1969.3,151.1,8.2,30,1
1969,5,1969.4,169.9,8.7,31,1
1969,6,1969.5,150.1,8.2,30,1
1969,7,1969.5,137.1,7.8,31,1
1969,8,1969.6,138.8,7.9,31,1
1969,9,1969.7,129.3,7.6,30,1
1969,10,1969.8,135.4,7.8,31,1
1969,11,1969.9,132.4,7.7,30,1
1969,12,1970,138.6,7.9,31,1
1970,1,1970,157.9,8.4,31,1
1970,2,1970.1,180.8,9,28,1
1970,3,1970.2,145.7,8.1,31,1
1970,4,1970.3,155.1,8.3,30,1
1970,5,1970.4,180.5,9,31,1
1970,6,1970.5,151.3,8.2,30,1
1970,7,1970.5,159.3,8.4,31,1
1970,8,1970.6,131.7,7.7,31,1
1970,9,1970.7,140.8,7.9,30,1
1970,10,1970.8,122.6,7.4,31,1
1970,11,1970.9,134.8,7.8,30,1
1970,12,1971,118.2,7.2,31,1
1971,1,1971,129.2,7.6,31,1
1971,2,1971.1,111.8,7,28,1
1971,3,1971.2,85.9,6.2,31,1
1971,4,1971.3,101.6,6.7,30,1
1971,5,1971.4,81.5,6,31,1
1971,6,1971.5,70.7,5.6,30,1
1971,7,1971.5,114.7,7.1,31,1
1971,8,1971.6,87,6.2,31,1
1971,9,1971.7,71.3,5.6,30,1
1971,10,1971.8,73.4,5.7,31,1
1971,11,1971.9,89.5,6.3,30,1
1971,12,1972,116.5,7.2,31,1
1972,1,1972,87,6.2,31,1
1972,2,1972.1,125.3,7.5,29,1
1972,3,1972.2,113.5,7.1,31,1
1972,4,1972.3,89.6,6.3,30,1
1972,5,1972.4,113.9,7.1,31,1
1972,6,1972.5,124.7,7.4,30,1
1972,7,1972.5,108.3,6.9,31,1
1972,8,1972.6,108.9,7,31,1
1972,9,1972.7,90.7,6.4,30,1
1972,10,1972.8,86.9,6.2,31,1
1972,11,1972.9,59.2,5.2,30,1
1972,12,1973,64.3,5.4,31,1
1973,1,1973,61.8,5.2,31,1
1973,2,1973.1,60.9,5.2,28,1
1973,3,1973.2,65.4,5.4,31,1
1973,4,1973.3,81.8,6,30,1
1973,5,1973.4,60.3,5.2,31,1
1973,6,1973.5,56.1,5,30,1
1973,7,1973.5,33.2,3.9,31,1
1973,8,1973.6,36.6,4.1,31,1
1973,9,1973.7,84.1,6.1,30,1
1973,10,1973.8,43.7,4.4,31,1
1973,11,1973.9,34.3,3.9,30,1
1973,12,1974,33.3,3.9,31,1
1974,1,1974,39.4,4.2,31,1
1974,2,1974.1,37.3,4.1,28,1
1974,3,1974.2,30.9,3.8,31,1
1974,4,1974.3,57.5,5.1,30,1
1974,5,1974.4,56.3,5,31,1
1974,6,1974.5,51.5,4.8,30,1
1974,7,1974.5,79.1,5.9,31,1
1974,8,1974.6,47.9,4.6,31,1
1974,9,1974.7,57.2,5,30,1
1974,10,1974.8,67.2,5.5,31,1
1974,11,1974.9,35.9,4,30,1
1974,12,1975,29.6,3.7,31,1
1975,1,1975,27.3,3.5,31,1
1975,2,1975.1,16.7,2.8,28,1
1975,3,1975.2,16.9,2.8,31,1
1975,4,1975.3,7.7,1.9,30,1
1975,5,1975.4,13.1,2.5,31,1
1975,6,1975.5,16.7,2.8,30,1
1975,7,1975.5,40.4,4.3,31,1
1975,8,1975.6,56.7,5,31,1
1975,9,1975.7,20.3,3.1,30,1
1975,10,1975.8,13.6,2.5,31,1
1975,11,1975.9,27.9,3.6,30,1
1975,12,1976,11.6,2.3,31,1
1976,1,1976,11.9,2.3,31,1
1976,2,1976.1,6.4,1.7,29,1
1976,3,1976.2,31.5,3.8,31,1
1976,4,1976.3,27.3,3.5,30,1
1976,5,1976.4,18.2,2.9,31,1
1976,6,1976.5,17.9,2.9,30,1
1976,7,1976.5,2.9,1.2,31,1
1976,8,1976.6,24.1,3.3,31,1
1976,9,1976.7,20,3,30,1
1976,10,1976.8,29.7,3.7,31,1
1976,11,1976.9,7.9,1.9,30,1
1976,12,1977,22.3,3.2,31,1
1977,1,1977,23.8,3.3,31,1
1977,2,1977.1,33.3,3.9,28,1
1977,3,1977.2,13,2.5,31,1
1977,4,1977.3,19,3,30,1
1977,5,1977.4,27,3.5,31,1
1977,6,1977.5,54.9,5,30,1
1977,7,1977.5,30.6,3.7,31,1
1977,8,1977.6,43,4.4,31,1
1977,9,1977.7,62.4,5.3,30,1
1977,10,1977.8,62.1,5.3,31,1
1977,11,1977.9,41.6,4.3,30,1
1977,12,1978,61.4,5.2,31,1
1978,1,1978,73.7,5.7,31,1
1978,2,1978.1,132.6,7.7,28,1
1978,3,1978.2,108.4,6.9,31,1
1978,4,1978.3,141.2,7.9,30,1
1978,5,1978.4,117.1,7.2,31,1
1978,6,1978.5,134.6,7.8,30,1
1978,7,1978.5,99.7,6.7,31,1
1978,8,1978.6,82.4,6,31,1
1978,9,1978.7,195.7,9.3,30,1
1978,10,1978.8,177.1,8.9,31,1
1978,11,1978.9,138.5,7.9,30,1
1978,12,1979,173.9,8.8,31,1
1979,1,1979,235.9,10.3,31,1
1979,2,1979.1,194.7,9.3,28,1
1979,3,1979.2,195.3,9.3,31,1
1979,4,1979.3,143.7,8,30,1
1979,5,1979.4,190.3,9.2,31,1
1979,6,1979.5,211.7,9.7,30,1
1979,7,1979.5,225.7,10,31,1
1979,8,1979.6,201.4,9.5,31,1
1979,9,1979.7,266.9,10.9,30,1
1979,10,1979.8,263.6,10.9,31,1
1979,11,1979.9,259.5,10.8,30,1
1979,12,1980,249.6,10.6,31,1
1980,1,1980,226.1,10.1,31,1
1980,2,1980.1,219.4,9.9,29,1
1980,3,1980.2,178.7,8.9,31,1
1980,4,1980.3,232.2,10.2,30,1
1980,5,1980.4,254.7,10.7,31,1
1980,6,1980.5,222.7,10,30,1
1980,7,1980.5,192.9,9.3,31,1
1980,8,1980.6,191.7,9.3,31,1
1980,9,1980.7,219.6,9.9,30,1
1980,10,1980.8,233.3,10.2,31,1
1980,11,1980.9,209.5,9.7,30,1
1980,12,1981,246.9,10.5,31,1
1981,1,1981,156.6,9.5,271,1
1981,2,1981.1,189.9,12.4,229,1
1981,3,1981.2,196.6,11.6,244,1
1981,4,1981.3,225.3,14.9,254,1
1981,5,1981.4,194.7,13.4,268,1
1981,6,1981.5,131.6,9.5,227,1
1981,7,1981.5,205.3,13,268,1
1981,8,1981.6,242.5,13.9,276,1
1981,9,1981.7,245.3,18.5,255,1
1981,10,1981.8,216.2,12.1,243,1
1981,11,1981.9,186,14.2,248,1
1981,12,1982,195.4,11.9,266,1
1982,1,1982,149.8,10.2,287,1
1982,2,1982.1,230.9,13.6,256,1
1982,3,1982.2,221.1,11.4,263,1
1982,4,1982.3,170.3,8.3,284,1
1982,5,1982.4,119.3,8.5,318,1
1982,6,1982.5,163.7,11.2,313,1
1982,7,1982.5,139.4,14,292,1
1982,8,1982.6,161.9,11.8,301,1
1982,9,1982.7,167.4,9.7,308,1
1982,10,1982.8,134.3,10.4,308,1
1982,11,1982.9,127.5,18.6,244,1
1982,12,1983,169,15.4,262,1
1983,1,1983,115.5,8.7,267,1
1983,2,1983.1,73.1,6.3,261,1
1983,3,1983.2,88.7,7.1,259,1
1983,4,1983.3,109.6,9.7,282,1
1983,5,1983.4,132.5,9.4,330,1
1983,6,1983.5,131.5,8.2,361,1
1983,7,1983.5,108.9,7.3,431,1
1983,8,1983.6,96,8.4,429,1
1983,9,1983.7,69.9,5.5,397,1
1983,10,1983.8,72.5,7,431,1
1983,11,1983.9,45.7,7.3,363,1
1983,12,1984,45.6,5.5,405,1
1984,1,1984,74.8,6.5,399,1
1984,2,1984.1,110.2,8.1,377,1
1984,3,1984.2,116.7,8.7,395,1
1984,4,1984.3,90.4,7.6,407,1
1984,5,1984.4,96.9,7,462,1
1984,6,1984.5,65.1,5.4,438,1
1984,7,1984.5,55.7,5.1,468,1
1984,8,1984.6,35,3.4,509,1
1984,9,1984.7,22.6,3.9,429,1
1984,10,1984.8,12.6,3.8,428,1
1984,11,1984.9,26.5,4.7,394,1
1984,12,1985,21.4,3.9,397,1
1985,1,1985,17.8,3.9,425,1
1985,2,1985.1,20.7,3.8,412,1
1985,3,1985.2,16.9,3.9,389,1
1985,4,1985.3,20.4,3.7,468,1
1985,5,1985.4,32.4,3.7,457,1
1985,6,1985.5,28.3,3.9,465,1
1985,7,1985.5,39.9,3.8,540,1
1985,8,1985.6,10.1,3.5,546,1
1985,9,1985.7,4.3,2.4,511,1
1985,10,1985.8,22,4.2,486,1
1985,11,1985.9,17.9,2.6,422,1
1985,12,1986,15.8,4.6,422,1
1986,1,1986,2.8,2.8,460,1
1986,2,1986.1,27.9,3.6,420,1
1986,3,1986.2,13.8,3.8,433,1
1986,4,1986.3,22.4,4.1,449,1
1986,5,1986.4,16.1,3.6,530,1
1986,6,1986.5,0.6,2.1,494,1
1986,7,1986.5,18.1,3.9,510,1
1986,8,1986.6,9.9,2.3,567,1
1986,9,1986.7,5.1,3,505,1
1986,10,1986.8,40.1,4.4,507,1
1986,11,1986.9,15.4,4.3,515,1
1986,12,1987,5.8,2.8,544,1
1987,1,1987,9.8,2.7,487,1
1987,2,1987.1,3.4,2.6,429,1
1987,3,1987.2,17.4,3,501,1
1987,4,1987.3,46,4.4,581,1
1987,5,1987.4,39.1,3.5,566,1
1987,6,1987.5,18.8,3.5,586,1
1987,7,1987.5,38.2,4.3,645,1
1987,8,1987.6,47.9,3.3,619,1
1987,9,1987.7,42.2,3.5,609,1
1987,10,1987.8,63.4,4.8,501,1
1987,11,1987.9,48.8,5.1,417,1
1987,12,1988,29.1,3.2,455,1
1988,1,1988,70.5,5.5,484,1
1988,2,1988.1,45.4,4.6,525,1
1988,3,1988.2,91.2,5.7,516,1
1988,4,1988.3,108.8,6.7,562,1
1988,5,1988.4,74.2,6.1,582,1
1988,6,1988.5,124.3,8.3,574,1
1988,7,1988.5,131.4,9.6,605,1
1988,8,1988.6,139.4,9,649,1
1988,9,1988.7,142.7,9.4,551,1
1988,10,1988.8,156.5,9.7,530,1
1988,11,1988.9,156.8,8.9,488,1
1988,12,1989,231.2,13.5,490,1
1989,1,1989,210.1,15,536,1
1989,2,1989.1,208.7,12.7,489,1
1989,3,1989.2,170.4,10.2,573,1
1989,4,1989.3,166.3,9.7,534,1
1989,5,1989.4,195.4,10.6,668,1
1989,6,1989.5,284.5,15.5,619,1
1989,7,1989.5,180.5,10.2,673,1
1989,8,1989.6,232,13.5,639,1
1989,9,1989.7,225.1,14.9,585,1
1989,10,1989.8,212.2,11.2,562,1
1989,11,1989.9,238.2,15.2,550,1
1989,12,1990,211.4,13.5,504,1
1990,1,1990,227.4,13.6,516,1
1990,2,1990.1,171.8,11.3,518,1
1990,3,1990.2,191.7,11,592,1
1990,4,1990.3,189.7,10.1,575,1
1990,5,1990.4,175.2,10,691,1
1990,6,1990.5,153.3,9.1,599,1
1990,7,1990.5,191.1,9.8,661,1
1990,8,1990.6,252.1,12.8,714,1
1990,9,1990.7,169.1,9.2,622,1
1990,10,1990.8,199.4,12.6,605,1
1990,11,1990.9,178.8,12.3,536,1
1990,12,1991,197.1,12.6,479,1
1991,1,1991,195.3,14.5,552,1
1991,2,1991.1,240.3,13.9,493,1
1991,3,1991.2,197,11.8,546,1
1991,4,1991.3,197.6,11.9,590,1
1991,5,1991.4,166.9,9.9,625,1
1991,6,1991.5,224.7,12.9,620,1
1991,7,1991.5,240.2,13.7,661,1
1991,8,1991.6,240.8,14.3,707,1
1991,9,1991.7,168.9,11.3,621,1
1991,10,1991.8,197.1,13.2,524,1
1991,11,1991.9,159.5,10.1,487,1
1991,12,1992,212.6,14.1,506,1
1992,1,1992,198.3,12.9,566,1
1992,2,1992.1,230.7,14.5,590,1
1992,3,1992.2,151,9.2,537,1
1992,4,1992.3,142.2,9.5,660,1
1992,5,1992.4,94.3,7.7,746,1
1992,6,1992.5,98.5,6.6,706,1
1992,7,1992.5,114.2,7.7,761,1
1992,8,1992.6,91.9,6.7,794,1
1992,9,1992.7,94,5.5,764,1
1992,10,1992.8,133.4,8.2,623,1
1992,11,1992.9,129.6,8.2,559,1
1992,12,1993,122,8.4,539,1
1993,1,1993,81.4,5.9,583,1
1993,2,1993.1,127.8,8.3,551,1
1993,3,1993.2,102.4,6.6,739,1
1993,4,1993.3,94.4,6.7,719,1
1993,5,1993.4,78.8,5.7,752,1
1993,6,1993.5,69.6,5.4,706,1
1993,7,1993.5,80.4,5.4,699,1
1993,8,1993.6,62.5,5,809,1
1993,9,1993.7,31.2,4.5,709,1
1993,10,1993.8,71.1,5.5,630,1
1993,11,1993.9,48.2,4.4,551,1
1993,12,1994,68.4,5.9,562,1
1994,1,1994,84.9,6.6,582,1
1994,2,1994.1,54.9,4.8,539,1
1994,3,1994.2,47.5,4.1,728,1
1994,4,1994.3,27.4,3.9,763,1
1994,5,1994.4,29.8,4.1,789,1
1994,6,1994.5,39.7,5,789,1
1994,7,1994.5,50.6,4.3,865,1
1994,8,1994.6,34.3,3.2,876,1
1994,9,1994.7,40.5,4.1,735,1
1994,10,1994.8,67.1,4.2,657,1
1994,11,1994.9,29.5,4.7,591,1
1994,12,1995,32.2,3.5,610,1
1995,1,1995,32.6,5.3,630,1
1995,2,1995.1,45.8,3.9,620,1
1995,3,1995.2,46.3,3.8,706,1
1995,4,1995.3,21.6,3.6,698,1
1995,5,1995.4,19.4,2.8,781,1
1995,6,1995.5,22.5,3.8,747,1
1995,7,1995.5,20.4,3.1,842,1
1995,8,1995.6,18.2,3.6,854,1
1995,9,1995.7,15.7,3,708,1
1995,10,1995.8,30.6,3.7,734,1
1995,11,1995.9,14,3.7,594,1
1995,12,1996,14.9,3.6,515,1
1996,1,1996,13.3,3.4,535,1
1996,2,1996.1,7.7,3.4,532,1
1996,3,1996.2,12.6,3.1,621,1
1996,4,1996.3,6.8,2.5,678,1
1996,5,1996.4,7.6,3.1,676,1
1996,6,1996.5,16.5,2.9,682,1
1996,7,1996.5,11.8,2.6,766,1
1996,8,1996.6,19.7,3.5,759,1
1996,9,1996.7,3,2.5,656,1
1996,10,1996.8,0.7,2.1,630,1
1996,11,1996.9,24.9,4.4,536,1
1996,12,1997,14,2.9,543,1
1997,1,1997,7.4,3.2,497,1
1997,2,1997.1,11,2.9,545,1
1997,3,1997.2,12.1,2.4,627,1
1997,4,1997.3,23,3.3,663,1
1997,5,1997.4,25.4,2.8,716,1
1997,6,1997.5,20.8,2.5,656,1
1997,7,1997.5,12.9,4.2,700,1
1997,8,1997.6,35.7,3.8,723,1
1997,9,1997.7,59.7,4.8,661,1
1997,10,1997.8,32.8,3.6,623,1
1997,11,1997.9,50.4,4.7,465,1
1997,12,1998,55.5,4.6,418,1
1998,1,1998,44.5,4.6,521,1
1998,2,1998.1,50.2,4.6,559,1
1998,3,1998.2,82,5.9,571,1
1998,4,1998.3,70.6,7.2,537,1
1998,5,1998.4,74,4.8,620,1
1998,6,1998.5,90.5,6,521,1
1998,7,1998.5,96.7,6.3,597,1
1998,8,1998.6,121.1,7.4,586,1
1998,9,1998.7,132,8.6,502,1
1998,10,1998.8,78.5,6.6,432,1
1998,11,1998.9,97.3,6.8,472,1
1998,12,1999,119.2,9.4,435,1
1999,1,1999,86,7.6,475,1
1999,2,1999.1,98,7.6,446,1
1999,3,1999.2,103.5,6.8,518,1
1999,4,1999.3,93.6,7.5,569,1
1999,5,1999.4,149.6,8.5,630,1
1999,6,1999.5,207.2,10.5,567,1
1999,7,1999.5,173.5,9.3,594,1
1999,8,1999.6,142.3,12.9,649,1
1999,9,1999.7,106.3,6.5,624,1
1999,10,1999.8,168.7,10.4,531,1
1999,11,1999.9,188.3,12.3,406,1
1999,12,2000,116.8,9.3,404,1
2000,1,2000,133.1,10.4,450,1
2000,2,2000.1,165.7,10.4,490,1
2000,3,2000.2,217.7,11.9,456,1
2000,4,2000.3,191.5,10.2,529,1
2000,5,2000.4,165.9,10.1,551,1
2000,6,2000.5,188,8.8,532,1
2000,7,2000.5,244.3,12,507,1
2000,8,2000.6,180.5,9.4,626,1
2000,9,2000.7,156,11.2,558,1
2000,10,2000.8,141.6,8,483,1
2000,11,2000.9,158.1,8.9,380,1
2000,12,2001,143.3,8.7,391,1
2001,1,2001,142.6,9.2,437,1
2001,2,2001.1,121.5,8.1,453,1
2001,3,2001.2,165.8,11.9,485,1
2001,4,2001.3,161.7,9.4,578,1
2001,5,2001.4,142.1,8.3,578,1
2001,6,2001.5,202.9,10.8,586,1
2001,7,2001.5,123,8.4,645,1
2001,8,2001.6,161.5,9.3,654,1
2001,9,2001.7,238.2,12.1,518,1
2001,10,2001.8,194.1,11.3,628,1
2001,11,2001.9,176.6,13.3,509,1
2001,12,2002,213.4,12.5,487,1
2002,1,2002,184.6,11.7,500,1
2002,2,2002.1,170.2,11.3,475,1
2002,3,2002.2,147.1,9.1,580,1
2002,4,2002.3,186.9,9.8,603,1
2002,5,2002.4,187.5,9.7,595,1
2002,6,2002.5,128.8,7.7,569,1
2002,7,2002.5,161,11,628,1
2002,8,2002.6,175.6,9.8,663,1
2002,9,2002.7,187.9,10.1,554,1
2002,10,2002.8,151.2,8,543,1
2002,11,2002.9,147.2,8.2,470,1
2002,12,2003,135.3,10,408,1
2003,1,2003,133.5,7.4,482,1
2003,2,2003.1,75.7,5.7,538,1
2003,3,2003.2,100.7,7.5,633,1
2003,4,2003.3,97.9,6.4,619,1
2003,5,2003.4,86.8,6.6,606,1
2003,6,2003.5,118.7,7.9,672,1
2003,7,2003.5,128.3,7.9,677,1
2003,8,2003.6,115.4,7.3,721,1
2003,9,2003.7,78.5,5.8,685,1
2003,10,2003.8,97.8,8.8,570,1
2003,11,2003.9,82.9,6.3,443,1
2003,12,2004,72.2,5.3,441,1
2004,1,2004,60.6,5.2,491,1
2004,2,2004.1,74.6,6,479,1
2004,3,2004.2,74.8,5.1,594,1
2004,4,2004.3,59.2,5.1,601,1
2004,5,2004.4,72.8,5.7,614,1
2004,6,2004.5,66.5,6.8,646,1
2004,7,2004.5,83.8,8.8,709,1
2004,8,2004.6,69.7,5.5,686,1
2004,9,2004.7,48.8,5.3,604,1
2004,10,2004.8,74.2,5.5,539,1
2004,11,2004.9,70.1,5.4,477,1
2004,12,2005,28.9,3.4,442,1
2005,1,2005,48.1,4.6,536,1
2005,2,2005.1,43.5,4.3,500,1
2005,3,2005.2,39.6,3.8,607,1
2005,4,2005.3,38.7,3.8,598,1
2005,5,2005.4,61.9,5.7,641,1
2005,6,2005.5,56.8,5.3,675,1
2005,7,2005.5,62.4,6.1,678,1
2005,8,2005.6,60.5,5.3,706,1
2005,9,2005.7,37.2,4.5,691,1
2005,10,2005.8,13.2,3.4,534,1
2005,11,2005.9,27.5,4.1,499,1
2005,12,2006,59.3,3.9,419,1
2006,1,2006,20.9,3.4,511,1
2006,2,2006.1,5.7,3.7,434,1
2006,3,2006.2,17.3,4.2,502,1
2006,4,2006.3,50.3,5.1,550,1
2006,5,2006.4,37.2,3.9,566,1
2006,6,2006.5,24.5,3.3,566,1
2006,7,2006.5,22.2,2.4,628,1
2006,8,2006.6,20.8,2.5,650,1
2006,9,2006.7,23.7,3,567,1
2006,10,2006.8,14.9,2.4,537,1
2006,11,2006.9,35.7,3.5,444,1
2006,12,2007,22.3,3.5,415,1
2007,1,2007,29.3,2.8,474,1
2007,2,2007.1,18.4,2.7,423,1
2007,3,2007.2,7.2,2.8,611,1
2007,4,2007.3,5.4,2.4,650,1
2007,5,2007.4,19.5,3.3,615,1
2007,6,2007.5,21.3,3.4,607,1
2007,7,2007.5,15.1,1.9,703,1
2007,8,2007.6,9.8,2.2,669,1
2007,9,2007.7,4,2.1,637,1
2007,10,2007.8,1.5,2.4,547,1
2007,11,2007.9,2.8,2.5,437,1
2007,12,2008,17.3,3.1,468,1
2008,1,2008,4.1,2.8,480,1
2008,2,2008.1,2.9,2.4,490,1
2008,3,2008.2,15.5,2.7,548,1
2008,4,2008.3,3.6,2.3,562,1
2008,5,2008.4,4.6,3.2,637,1
2008,6,2008.5,5.2,2.3,637,1
2008,7,2008.5,0.6,2,664,1
2008,8,2008.6,0.3,2,525,1
2008,9,2008.7,1.2,2.4,605,1
2008,10,2008.8,4.2,2.9,571,1
2008,11,2008.9,6.6,2.4,445,1
2008,12,2009,1,2,480,1
2009,1,2009,1.3,2,317,1
2009,2,2009.1,1.2,2.2,385,1
2009,3,2009.2,0.6,2,523,1
2009,4,2009.3,1.2,2.2,586,1
2009,5,2009.4,2.9,2.4,610,1
2009,6,2009.5,6.3,2.7,623,1
2009,7,2009.5,5.5,2.6,671,1
2009,8,2009.6,0,2,691,1
2009,9,2009.7,7.1,2.2,628,1
2009,10,2009.8,7.7,2.7,564,1
2009,11,2009.9,6.9,3.2,452,1
2009,12,2010,16.3,3.5,415,1
2010,1,2010,19.5,2.5,413,1
2010,2,2010.1,28.5,2.7,376,1
2010,3,2010.2,24,3.6,564,1
2010,4,2010.3,10.4,3.3,592,1
2010,5,2010.4,13.9,3.4,573,1
2010,6,2010.5,18.8,3,600,1
2010,7,2010.5,25.2,3.4,718,1
2010,8,2010.6,29.6,3.4,689,1
2010,9,2010.7,36.4,4,505,1
2010,10,2010.8,33.6,3.9,501,1
2010,11,2010.9,34.4,3.7,404,1
2010,12,2011,24.5,3.6,393,1
2011,1,2011,27.3,3.1,417,1
2011,2,2011.1,48.3,5.1,399,1
2011,3,2011.2,78.6,6.9,566,1
2011,4,2011.3,76.1,6.2,557,1
2011,5,2011.4,58.2,5,607,1
2011,6,2011.5,56.1,5,544,1
2011,7,2011.5,64.5,4.8,549,1
2011,8,2011.6,65.8,5.6,605,1
2011,9,2011.7,120.1,8.8,535,1
2011,10,2011.8,125.7,9,503,1
2011,11,2011.9,139.1,9.9,434,1
2011,12,2012,109.3,8.4,361,1
2012,1,2012,94.4,7.1,386,1
2012,2,2012.1,47.8,4.4,388,1
2012,3,2012.2,86.6,7.3,500,1
2012,4,2012.3,85.9,6.9,479,1
2012,5,2012.4,96.5,7.2,543,1
2012,6,2012.5,92,6.5,498,1
2012,7,2012.5,100.1,7.3,601,1
2012,8,2012.6,94.8,6.5,612,1
2012,9,2012.7,93.7,8.1,511,1
2012,10,2012.8,76.5,5.1,493,1
2012,11,2012.9,87.6,6.5,382,1
2012,12,2013,56.8,5.1,360,1
2013,1,2013,96.1,6.3,362,1
2013,2,2013.1,60.9,4.4,363,1
2013,3,2013.2,78.3,6.1,429,1
2013,4,2013.3,107.3,6.8,509,1
2013,5,2013.4,120.2,8.2,487,1
2013,6,2013.5,76.7,5.2,469,1
2013,7,2013.5,86.2,6.7,575,1
2013,8,2013.6,91.8,6.6,563,1
2013,9,2013.7,54.5,5.3,446,1
2013,10,2013.8,114.4,8.2,421,1
2013,11,2013.9,113.9,8.2,321,1
2013,12,2014,124.2,9.1,402,1
2014,1,2014,117,8.2,398,1
2014,2,2014.1,146.1,10.7,384,1
2014,3,2014.2,128.7,8.6,493,1
2014,4,2014.3,112.5,6.9,486,1
2014,5,2014.4,112.5,7.5,493,1
2014,6,2014.5,102.9,7.7,469,1
2014,7,2014.5,100.2,7.4,477,1
2014,8,2014.6,106.9,7.6,486,1
2014,9,2014.7,130,8.7,419,1
2014,10,2014.8,90,6.9,440,1
2014,11,2014.9,103.6,8.5,397,1
2014,12,2015,112.9,7.4,331,1
2015,1,2015,93,7.5,546,1
2015,2,2015.1,66.7,5.3,442,1
2015,3,2015.2,54.5,4.8,628,1
2015,4,2015.3,75.3,8.2,847,1
2015,5,2015.4,88.8,8.6,895,1
2015,6,2015.5,66.5,6.3,826,1
2015,7,2015.5,65.8,5.7,977,1
2015,8,2015.6,64.4,5.2,892,1
2015,9,2015.7,78.6,6.4,862,1
2015,10,2015.8,63.6,5.4,662,1
2015,11,2015.9,62.2,5.2,622,1
2015,12,2016,58,5.4,704,1
2016,1,2016,57,4.7,634,1
2016,2,2016.1,56.4,5.1,662,1
2016,3,2016.2,54.1,4.9,873,1
2016,4,2016.3,37.9,3.5,865,1
2016,5,2016.4,51.5,4.7,878,1
2016,6,2016.5,20.5,2,942,1
2016,7,2016.5,32.5,3.7,910,0
2016,8,2016.6,50.7,4.4,879,0
2016,9,2016.7,44.7,3.8,742,0
2016,10,2016.8,33.6,3.2,695,0
